comando,intencion
Necesito crear un usuario nuevo para 5244 ,crear_usuario
Necesito crear un usuario nuevo para 3965 ,crear_usuario
Necesito crear un usuario nuevo para 1762 ,crear_usuario
Necesito crear un usuario nuevo para 2770 ,crear_usuario
Necesito crear un usuario nuevo para 3961 ,crear_usuario
Necesito crear un usuario nuevo para 5566 ,crear_usuario
Necesito crear un usuario nuevo para 7528 ,crear_usuario
Necesito crear un usuario nuevo para 9272 ,crear_usuario
Necesito crear un usuario nuevo para 5649 ,crear_usuario
Necesito crear un usuario nuevo para 9530 ,crear_usuario
Necesito crear un usuario nuevo para 2366 ,crear_usuario
Necesito crear un usuario nuevo para 5781 ,crear_usuario
Necesito crear un usuario nuevo para 9621 ,crear_usuario
Necesito crear un usuario nuevo para 2071 ,crear_usuario
Necesito crear un usuario nuevo para 5213 ,crear_usuario
Necesito crear un usuario nuevo para 8233 ,crear_usuario
Necesito crear un usuario nuevo para 8382 ,crear_usuario
Necesito crear un usuario nuevo para 7156 ,crear_usuario
Necesito crear un usuario nuevo para 6796 ,crear_usuario
Necesito crear un usuario nuevo para 7471 ,crear_usuario
Necesito crear un usuario nuevo para 3466 ,crear_usuario
Necesito crear un usuario nuevo para 7940 ,crear_usuario
Necesito crear un usuario nuevo para 7294 ,crear_usuario
Necesito crear un usuario nuevo para 7409 ,crear_usuario
Necesito crear un usuario nuevo para 5891 ,crear_usuario
Necesito crear un usuario nuevo para 6111 ,crear_usuario
Necesito crear un usuario nuevo para 7423 ,crear_usuario
Necesito crear un usuario nuevo para 8132 ,crear_usuario
Necesito crear un usuario nuevo para 5187 ,crear_usuario
Necesito crear un usuario nuevo para 9958 ,crear_usuario
Necesito crear un usuario nuevo para 7625 ,crear_usuario
Necesito crear un usuario nuevo para 7975 ,crear_usuario
Necesito crear un usuario nuevo para 2026 ,crear_usuario
Necesito crear un usuario nuevo para 9024 ,crear_usuario
Necesito crear un usuario nuevo para 2913 ,crear_usuario
Necesito crear un usuario nuevo para 2400 ,crear_usuario
Necesito crear un usuario nuevo para 9155 ,crear_usuario
Necesito crear un usuario nuevo para 2045 ,crear_usuario
Necesito crear un usuario nuevo para 1587 ,crear_usuario
Necesito crear un usuario nuevo para 9763 ,crear_usuario
Necesito crear un usuario nuevo para 2135 ,crear_usuario
Necesito crear un usuario nuevo para 4258 ,crear_usuario
Necesito crear un usuario nuevo para 4815 ,crear_usuario
Necesito crear un usuario nuevo para 4451 ,crear_usuario
Necesito crear un usuario nuevo para 7039 ,crear_usuario
Necesito crear un usuario nuevo para 6561 ,crear_usuario
Necesito crear un usuario nuevo para 6981 ,crear_usuario
Necesito crear un usuario nuevo para 4930 ,crear_usuario
Necesito crear un usuario nuevo para 9571 ,crear_usuario
Necesito crear un usuario nuevo para 5023 ,crear_usuario
Agregar acceso al usuario 1834 ,crear_usuario
Agregar acceso al usuario 9626 ,crear_usuario
Agregar acceso al usuario 2555 ,crear_usuario
Agregar acceso al usuario 3621 ,crear_usuario
Agregar acceso al usuario 2246 ,crear_usuario
Agregar acceso al usuario 6697 ,crear_usuario
Agregar acceso al usuario 5026 ,crear_usuario
Agregar acceso al usuario 6480 ,crear_usuario
Agregar acceso al usuario 4077 ,crear_usuario
Agregar acceso al usuario 8420 ,crear_usuario
Agregar acceso al usuario 8541 ,crear_usuario
Agregar acceso al usuario 4259 ,crear_usuario
Agregar acceso al usuario 8107 ,crear_usuario
Agregar acceso al usuario 5883 ,crear_usuario
Agregar acceso al usuario 7289 ,crear_usuario
Agregar acceso al usuario 9675 ,crear_usuario
Agregar acceso al usuario 3376 ,crear_usuario
Agregar acceso al usuario 4768 ,crear_usuario
Agregar acceso al usuario 3781 ,crear_usuario
Agregar acceso al usuario 6419 ,crear_usuario
Agregar acceso al usuario 6180 ,crear_usuario
Agregar acceso al usuario 8050 ,crear_usuario
Agregar acceso al usuario 8619 ,crear_usuario
Agregar acceso al usuario 3305 ,crear_usuario
Agregar acceso al usuario 8545 ,crear_usuario
Agregar acceso al usuario 3587 ,crear_usuario
Agregar acceso al usuario 6760 ,crear_usuario
Agregar acceso al usuario 5242 ,crear_usuario
Agregar acceso al usuario 3208 ,crear_usuario
Agregar acceso al usuario 1699 ,crear_usuario
Agregar acceso al usuario 6508 ,crear_usuario
Agregar acceso al usuario 7121 ,crear_usuario
Agregar acceso al usuario 1118 ,crear_usuario
Agregar acceso al usuario 1695 ,crear_usuario
Agregar acceso al usuario 6051 ,crear_usuario
Agregar acceso al usuario 3854 ,crear_usuario
Agregar acceso al usuario 3623 ,crear_usuario
Agregar acceso al usuario 6205 ,crear_usuario
Agregar acceso al usuario 6201 ,crear_usuario
Agregar acceso al usuario 2206 ,crear_usuario
Agregar acceso al usuario 2701 ,crear_usuario
Agregar acceso al usuario 1044 ,crear_usuario
Agregar acceso al usuario 9309 ,crear_usuario
Agregar acceso al usuario 5584 ,crear_usuario
Agregar acceso al usuario 8469 ,crear_usuario
Agregar acceso al usuario 1486 ,crear_usuario
Agregar acceso al usuario 4130 ,crear_usuario
Agregar acceso al usuario 7165 ,crear_usuario
Agregar acceso al usuario 3793 ,crear_usuario
Agregar acceso al usuario 7289 ,crear_usuario
Registrar un nuevo acceso para 2608 ,crear_usuario
Registrar un nuevo acceso para 7716 ,crear_usuario
Registrar un nuevo acceso para 4445 ,crear_usuario
Registrar un nuevo acceso para 3180 ,crear_usuario
Registrar un nuevo acceso para 5546 ,crear_usuario
Registrar un nuevo acceso para 1714 ,crear_usuario
Registrar un nuevo acceso para 1740 ,crear_usuario
Registrar un nuevo acceso para 6093 ,crear_usuario
Registrar un nuevo acceso para 5162 ,crear_usuario
Registrar un nuevo acceso para 6568 ,crear_usuario
Registrar un nuevo acceso para 5669 ,crear_usuario
Registrar un nuevo acceso para 6587 ,crear_usuario
Registrar un nuevo acceso para 5717 ,crear_usuario
Registrar un nuevo acceso para 4279 ,crear_usuario
Registrar un nuevo acceso para 3568 ,crear_usuario
Registrar un nuevo acceso para 3216 ,crear_usuario
Registrar un nuevo acceso para 1189 ,crear_usuario
Registrar un nuevo acceso para 6768 ,crear_usuario
Registrar un nuevo acceso para 3289 ,crear_usuario
Registrar un nuevo acceso para 9891 ,crear_usuario
Registrar un nuevo acceso para 7734 ,crear_usuario
Registrar un nuevo acceso para 5108 ,crear_usuario
Registrar un nuevo acceso para 7090 ,crear_usuario
Registrar un nuevo acceso para 7385 ,crear_usuario
Registrar un nuevo acceso para 2135 ,crear_usuario
Registrar un nuevo acceso para 5407 ,crear_usuario
Registrar un nuevo acceso para 5393 ,crear_usuario
Registrar un nuevo acceso para 7111 ,crear_usuario
Registrar un nuevo acceso para 5043 ,crear_usuario
Registrar un nuevo acceso para 6812 ,crear_usuario
Registrar un nuevo acceso para 1990 ,crear_usuario
Registrar un nuevo acceso para 6037 ,crear_usuario
Registrar un nuevo acceso para 2909 ,crear_usuario
Registrar un nuevo acceso para 1898 ,crear_usuario
Registrar un nuevo acceso para 3793 ,crear_usuario
Registrar un nuevo acceso para 9480 ,crear_usuario
Registrar un nuevo acceso para 4886 ,crear_usuario
Registrar un nuevo acceso para 5670 ,crear_usuario
Registrar un nuevo acceso para 1726 ,crear_usuario
Registrar un nuevo acceso para 8039 ,crear_usuario
Registrar un nuevo acceso para 2349 ,crear_usuario
Registrar un nuevo acceso para 8538 ,crear_usuario
Registrar un nuevo acceso para 2120 ,crear_usuario
Registrar un nuevo acceso para 5427 ,crear_usuario
Registrar un nuevo acceso para 1895 ,crear_usuario
Registrar un nuevo acceso para 7963 ,crear_usuario
Registrar un nuevo acceso para 1910 ,crear_usuario
Registrar un nuevo acceso para 7097 ,crear_usuario
Registrar un nuevo acceso para 1992 ,crear_usuario
Registrar un nuevo acceso para 1096 ,crear_usuario
Crear cuenta para 9360 en el servidor de desarrollo,crear_usuario
Crear cuenta para 1630 en el servidor de pruebas,crear_usuario
Crear cuenta para 2138 en el servidor de desarrollo,crear_usuario
Crear cuenta para 1875 en el servidor de ventas,crear_usuario
Crear cuenta para 3977 en el servidor principal,crear_usuario
Crear cuenta para 1124 en el servidor de pruebas,crear_usuario
Crear cuenta para 7336 en el servidor de desarrollo,crear_usuario
Crear cuenta para 3100 en el servidor de desarrollo,crear_usuario
Crear cuenta para 3538 en el servidor principal,crear_usuario
Crear cuenta para 6273 en el servidor de desarrollo,crear_usuario
Crear cuenta para 1347 en el servidor de pruebas,crear_usuario
Crear cuenta para 3790 en el servidor de pruebas,crear_usuario
Crear cuenta para 1322 en el servidor principal,crear_usuario
Crear cuenta para 6076 en el servidor principal,crear_usuario
Crear cuenta para 5249 en el servidor de ventas,crear_usuario
Crear cuenta para 6841 en el servidor de ventas,crear_usuario
Crear cuenta para 4010 en el servidor de desarrollo,crear_usuario
Crear cuenta para 6875 en el servidor de pruebas,crear_usuario
Crear cuenta para 1587 en el servidor principal,crear_usuario
Crear cuenta para 6772 en el servidor de desarrollo,crear_usuario
Crear cuenta para 6248 en el servidor de desarrollo,crear_usuario
Crear cuenta para 8638 en el servidor principal,crear_usuario
Crear cuenta para 7687 en el servidor de ventas,crear_usuario
Crear cuenta para 9225 en el servidor de desarrollo,crear_usuario
Crear cuenta para 7416 en el servidor de pruebas,crear_usuario
Crear cuenta para 7929 en el servidor de pruebas,crear_usuario
Crear cuenta para 8625 en el servidor de pruebas,crear_usuario
Crear cuenta para 2377 en el servidor principal,crear_usuario
Crear cuenta para 8614 en el servidor de ventas,crear_usuario
Crear cuenta para 2040 en el servidor de desarrollo,crear_usuario
Crear cuenta para 8135 en el servidor de desarrollo,crear_usuario
Crear cuenta para 2025 en el servidor de desarrollo,crear_usuario
Crear cuenta para 4358 en el servidor principal,crear_usuario
Crear cuenta para 9127 en el servidor de ventas,crear_usuario
Crear cuenta para 1603 en el servidor principal,crear_usuario
Crear cuenta para 8980 en el servidor de desarrollo,crear_usuario
Crear cuenta para 5979 en el servidor de ventas,crear_usuario
Crear cuenta para 8833 en el servidor principal,crear_usuario
Crear cuenta para 9872 en el servidor de ventas,crear_usuario
Crear cuenta para 9895 en el servidor de desarrollo,crear_usuario
Crear cuenta para 2486 en el servidor principal,crear_usuario
Crear cuenta para 3946 en el servidor de ventas,crear_usuario
Crear cuenta para 6947 en el servidor de ventas,crear_usuario
Crear cuenta para 9010 en el servidor de pruebas,crear_usuario
Crear cuenta para 8977 en el servidor de pruebas,crear_usuario
Crear cuenta para 9771 en el servidor principal,crear_usuario
Crear cuenta para 4955 en el servidor de pruebas,crear_usuario
Crear cuenta para 9249 en el servidor de pruebas,crear_usuario
Crear cuenta para 8186 en el servidor principal,crear_usuario
Crear cuenta para 1613 en el servidor principal,crear_usuario
Generar un nuevo usuario para servidor principal con el código 4600,crear_usuario
Generar un nuevo usuario para servidor de pruebas con el código 5675,crear_usuario
Generar un nuevo usuario para servidor de ventas con el código 8483,crear_usuario
Generar un nuevo usuario para servidor de pruebas con el código 7951,crear_usuario
Generar un nuevo usuario para servidor de pruebas con el código 8694,crear_usuario
Generar un nuevo usuario para servidor de ventas con el código 6887,crear_usuario
Generar un nuevo usuario para servidor de pruebas con el código 2449,crear_usuario
Generar un nuevo usuario para servidor de pruebas con el código 6774,crear_usuario
Generar un nuevo usuario para servidor de ventas con el código 4446,crear_usuario
Generar un nuevo usuario para servidor de desarrollo con el código 3628,crear_usuario
Generar un nuevo usuario para servidor de desarrollo con el código 8672,crear_usuario
Generar un nuevo usuario para servidor principal con el código 1349,crear_usuario
Generar un nuevo usuario para servidor de desarrollo con el código 1715,crear_usuario
Generar un nuevo usuario para servidor de ventas con el código 6489,crear_usuario
Generar un nuevo usuario para servidor de desarrollo con el código 8667,crear_usuario
Generar un nuevo usuario para servidor principal con el código 1138,crear_usuario
Generar un nuevo usuario para servidor de ventas con el código 6053,crear_usuario
Generar un nuevo usuario para servidor de ventas con el código 2936,crear_usuario
Generar un nuevo usuario para servidor de desarrollo con el código 1341,crear_usuario
Generar un nuevo usuario para servidor de pruebas con el código 8565,crear_usuario
Generar un nuevo usuario para servidor de ventas con el código 2976,crear_usuario
Generar un nuevo usuario para servidor de pruebas con el código 3512,crear_usuario
Generar un nuevo usuario para servidor de pruebas con el código 8846,crear_usuario
Generar un nuevo usuario para servidor principal con el código 5892,crear_usuario
Generar un nuevo usuario para servidor de ventas con el código 7306,crear_usuario
Generar un nuevo usuario para servidor de pruebas con el código 9786,crear_usuario
Generar un nuevo usuario para servidor principal con el código 7308,crear_usuario
Generar un nuevo usuario para servidor de ventas con el código 9777,crear_usuario
Generar un nuevo usuario para servidor de pruebas con el código 9408,crear_usuario
Generar un nuevo usuario para servidor de ventas con el código 7718,crear_usuario
Generar un nuevo usuario para servidor de ventas con el código 3141,crear_usuario
Generar un nuevo usuario para servidor de pruebas con el código 5737,crear_usuario
Generar un nuevo usuario para servidor principal con el código 3439,crear_usuario
Generar un nuevo usuario para servidor de desarrollo con el código 7949,crear_usuario
Generar un nuevo usuario para servidor de desarrollo con el código 4181,crear_usuario
Generar un nuevo usuario para servidor de ventas con el código 3164,crear_usuario
Generar un nuevo usuario para servidor principal con el código 9084,crear_usuario
Generar un nuevo usuario para servidor de desarrollo con el código 2884,crear_usuario
Generar un nuevo usuario para servidor principal con el código 8151,crear_usuario
Generar un nuevo usuario para servidor de ventas con el código 4479,crear_usuario
Generar un nuevo usuario para servidor de pruebas con el código 5308,crear_usuario
Generar un nuevo usuario para servidor principal con el código 9887,crear_usuario
Generar un nuevo usuario para servidor principal con el código 6881,crear_usuario
Generar un nuevo usuario para servidor de ventas con el código 4616,crear_usuario
Generar un nuevo usuario para servidor de pruebas con el código 6783,crear_usuario
Generar un nuevo usuario para servidor de desarrollo con el código 6603,crear_usuario
Generar un nuevo usuario para servidor de ventas con el código 9931,crear_usuario
Generar un nuevo usuario para servidor principal con el código 9230,crear_usuario
Generar un nuevo usuario para servidor de ventas con el código 3698,crear_usuario
Generar un nuevo usuario para servidor principal con el código 8227,crear_usuario
Crear un usuario con el código 1746 en el servidor principal,crear_usuario
Crear un usuario con el código 4159 en el servidor de pruebas,crear_usuario
Crear un usuario con el código 6439 en el servidor de pruebas,crear_usuario
Crear un usuario con el código 2813 en el servidor de pruebas,crear_usuario
Crear un usuario con el código 6623 en el servidor de ventas,crear_usuario
Crear un usuario con el código 4828 en el servidor principal,crear_usuario
Crear un usuario con el código 5189 en el servidor de pruebas,crear_usuario
Crear un usuario con el código 6529 en el servidor principal,crear_usuario
Crear un usuario con el código 9815 en el servidor de desarrollo,crear_usuario
Crear un usuario con el código 1984 en el servidor de desarrollo,crear_usuario
Crear un usuario con el código 6121 en el servidor principal,crear_usuario
Crear un usuario con el código 9938 en el servidor principal,crear_usuario
Crear un usuario con el código 4211 en el servidor de ventas,crear_usuario
Crear un usuario con el código 8800 en el servidor de desarrollo,crear_usuario
Crear un usuario con el código 5784 en el servidor principal,crear_usuario
Crear un usuario con el código 2867 en el servidor de desarrollo,crear_usuario
Crear un usuario con el código 1726 en el servidor principal,crear_usuario
Crear un usuario con el código 2340 en el servidor de ventas,crear_usuario
Crear un usuario con el código 1490 en el servidor de desarrollo,crear_usuario
Crear un usuario con el código 5137 en el servidor principal,crear_usuario
Crear un usuario con el código 5016 en el servidor principal,crear_usuario
Crear un usuario con el código 5464 en el servidor de ventas,crear_usuario
Crear un usuario con el código 1451 en el servidor principal,crear_usuario
Crear un usuario con el código 2018 en el servidor principal,crear_usuario
Crear un usuario con el código 7347 en el servidor de ventas,crear_usuario
Crear un usuario con el código 8994 en el servidor de pruebas,crear_usuario
Crear un usuario con el código 1677 en el servidor de pruebas,crear_usuario
Crear un usuario con el código 1452 en el servidor principal,crear_usuario
Crear un usuario con el código 2165 en el servidor principal,crear_usuario
Crear un usuario con el código 1464 en el servidor de ventas,crear_usuario
Crear un usuario con el código 8431 en el servidor de desarrollo,crear_usuario
Crear un usuario con el código 5496 en el servidor de desarrollo,crear_usuario
Crear un usuario con el código 5413 en el servidor principal,crear_usuario
Crear un usuario con el código 1201 en el servidor de ventas,crear_usuario
Crear un usuario con el código 2148 en el servidor principal,crear_usuario
Crear un usuario con el código 2995 en el servidor de pruebas,crear_usuario
Crear un usuario con el código 2879 en el servidor principal,crear_usuario
Crear un usuario con el código 4209 en el servidor de desarrollo,crear_usuario
Crear un usuario con el código 4130 en el servidor principal,crear_usuario
Crear un usuario con el código 3872 en el servidor principal,crear_usuario
Crear un usuario con el código 1002 en el servidor de desarrollo,crear_usuario
Crear un usuario con el código 1288 en el servidor principal,crear_usuario
Crear un usuario con el código 9810 en el servidor de pruebas,crear_usuario
Crear un usuario con el código 2263 en el servidor principal,crear_usuario
Crear un usuario con el código 1205 en el servidor de desarrollo,crear_usuario
Crear un usuario con el código 4732 en el servidor de desarrollo,crear_usuario
Crear un usuario con el código 5292 en el servidor de pruebas,crear_usuario
Crear un usuario con el código 7478 en el servidor de ventas,crear_usuario
Crear un usuario con el código 7231 en el servidor de desarrollo,crear_usuario
Crear un usuario con el código 1616 en el servidor de pruebas,crear_usuario
Agregar un nuevo usuario con el código 8458 en el servidor de ventas,crear_usuario
Agregar un nuevo usuario con el código 6739 en el servidor principal,crear_usuario
Agregar un nuevo usuario con el código 8874 en el servidor de pruebas,crear_usuario
Agregar un nuevo usuario con el código 7774 en el servidor de desarrollo,crear_usuario
Agregar un nuevo usuario con el código 5291 en el servidor de pruebas,crear_usuario
Agregar un nuevo usuario con el código 9917 en el servidor de ventas,crear_usuario
Agregar un nuevo usuario con el código 5251 en el servidor de pruebas,crear_usuario
Agregar un nuevo usuario con el código 4993 en el servidor principal,crear_usuario
Agregar un nuevo usuario con el código 8334 en el servidor de pruebas,crear_usuario
Agregar un nuevo usuario con el código 9331 en el servidor principal,crear_usuario
Agregar un nuevo usuario con el código 9092 en el servidor de desarrollo,crear_usuario
Agregar un nuevo usuario con el código 4965 en el servidor principal,crear_usuario
Agregar un nuevo usuario con el código 3575 en el servidor de ventas,crear_usuario
Agregar un nuevo usuario con el código 5158 en el servidor principal,crear_usuario
Agregar un nuevo usuario con el código 7429 en el servidor de ventas,crear_usuario
Agregar un nuevo usuario con el código 1704 en el servidor de ventas,crear_usuario
Agregar un nuevo usuario con el código 2794 en el servidor de desarrollo,crear_usuario
Agregar un nuevo usuario con el código 1851 en el servidor de desarrollo,crear_usuario
Agregar un nuevo usuario con el código 6880 en el servidor de ventas,crear_usuario
Agregar un nuevo usuario con el código 2834 en el servidor principal,crear_usuario
Agregar un nuevo usuario con el código 3175 en el servidor de ventas,crear_usuario
Agregar un nuevo usuario con el código 2130 en el servidor principal,crear_usuario
Agregar un nuevo usuario con el código 7117 en el servidor de desarrollo,crear_usuario
Agregar un nuevo usuario con el código 6753 en el servidor principal,crear_usuario
Agregar un nuevo usuario con el código 6637 en el servidor de pruebas,crear_usuario
Agregar un nuevo usuario con el código 7941 en el servidor de pruebas,crear_usuario
Agregar un nuevo usuario con el código 4480 en el servidor de desarrollo,crear_usuario
Agregar un nuevo usuario con el código 1875 en el servidor de desarrollo,crear_usuario
Agregar un nuevo usuario con el código 6724 en el servidor de ventas,crear_usuario
Agregar un nuevo usuario con el código 5680 en el servidor principal,crear_usuario
Agregar un nuevo usuario con el código 3939 en el servidor de pruebas,crear_usuario
Agregar un nuevo usuario con el código 9850 en el servidor de desarrollo,crear_usuario
Agregar un nuevo usuario con el código 2906 en el servidor de desarrollo,crear_usuario
Agregar un nuevo usuario con el código 2153 en el servidor principal,crear_usuario
Agregar un nuevo usuario con el código 1401 en el servidor principal,crear_usuario
Agregar un nuevo usuario con el código 2880 en el servidor de pruebas,crear_usuario
Agregar un nuevo usuario con el código 1727 en el servidor principal,crear_usuario
Agregar un nuevo usuario con el código 9516 en el servidor principal,crear_usuario
Agregar un nuevo usuario con el código 6576 en el servidor de ventas,crear_usuario
Agregar un nuevo usuario con el código 2088 en el servidor de pruebas,crear_usuario
Agregar un nuevo usuario con el código 1958 en el servidor de ventas,crear_usuario
Agregar un nuevo usuario con el código 1175 en el servidor de pruebas,crear_usuario
Agregar un nuevo usuario con el código 6311 en el servidor principal,crear_usuario
Agregar un nuevo usuario con el código 2144 en el servidor principal,crear_usuario
Agregar un nuevo usuario con el código 3500 en el servidor de ventas,crear_usuario
Agregar un nuevo usuario con el código 2196 en el servidor principal,crear_usuario
Agregar un nuevo usuario con el código 8189 en el servidor de desarrollo,crear_usuario
Agregar un nuevo usuario con el código 2107 en el servidor principal,crear_usuario
Agregar un nuevo usuario con el código 4002 en el servidor de pruebas,crear_usuario
Agregar un nuevo usuario con el código 1969 en el servidor principal,crear_usuario
Crea un usuario nuevo para el servidor de ventas con el código 3504,crear_usuario
Crea un usuario nuevo para el servidor de desarrollo con el código 5569,crear_usuario
Crea un usuario nuevo para el servidor de ventas con el código 9729,crear_usuario
Crea un usuario nuevo para el servidor principal con el código 4612,crear_usuario
Crea un usuario nuevo para el servidor de pruebas con el código 9188,crear_usuario
Crea un usuario nuevo para el servidor de desarrollo con el código 9763,crear_usuario
Crea un usuario nuevo para el servidor de desarrollo con el código 9767,crear_usuario
Crea un usuario nuevo para el servidor de pruebas con el código 8068,crear_usuario
Crea un usuario nuevo para el servidor de pruebas con el código 5810,crear_usuario
Crea un usuario nuevo para el servidor principal con el código 4440,crear_usuario
Crea un usuario nuevo para el servidor de desarrollo con el código 2646,crear_usuario
Crea un usuario nuevo para el servidor de ventas con el código 6471,crear_usuario
Crea un usuario nuevo para el servidor principal con el código 2916,crear_usuario
Crea un usuario nuevo para el servidor de desarrollo con el código 8044,crear_usuario
Crea un usuario nuevo para el servidor de ventas con el código 2522,crear_usuario
Crea un usuario nuevo para el servidor de desarrollo con el código 5416,crear_usuario
Crea un usuario nuevo para el servidor de ventas con el código 1009,crear_usuario
Crea un usuario nuevo para el servidor de ventas con el código 3046,crear_usuario
Crea un usuario nuevo para el servidor de ventas con el código 8421,crear_usuario
Crea un usuario nuevo para el servidor de pruebas con el código 6250,crear_usuario
Crea un usuario nuevo para el servidor de ventas con el código 4821,crear_usuario
Crea un usuario nuevo para el servidor principal con el código 5823,crear_usuario
Crea un usuario nuevo para el servidor principal con el código 2192,crear_usuario
Crea un usuario nuevo para el servidor principal con el código 5732,crear_usuario
Crea un usuario nuevo para el servidor de desarrollo con el código 3444,crear_usuario
Crea un usuario nuevo para el servidor de desarrollo con el código 1000,crear_usuario
Crea un usuario nuevo para el servidor principal con el código 8998,crear_usuario
Crea un usuario nuevo para el servidor de pruebas con el código 3028,crear_usuario
Crea un usuario nuevo para el servidor principal con el código 4800,crear_usuario
Crea un usuario nuevo para el servidor de desarrollo con el código 8558,crear_usuario
Crea un usuario nuevo para el servidor de desarrollo con el código 7387,crear_usuario
Crea un usuario nuevo para el servidor de ventas con el código 8044,crear_usuario
Crea un usuario nuevo para el servidor de pruebas con el código 7139,crear_usuario
Crea un usuario nuevo para el servidor principal con el código 1358,crear_usuario
Crea un usuario nuevo para el servidor de desarrollo con el código 9321,crear_usuario
Crea un usuario nuevo para el servidor de pruebas con el código 8014,crear_usuario
Crea un usuario nuevo para el servidor de desarrollo con el código 3138,crear_usuario
Crea un usuario nuevo para el servidor de ventas con el código 6797,crear_usuario
Crea un usuario nuevo para el servidor de pruebas con el código 3979,crear_usuario
Crea un usuario nuevo para el servidor de ventas con el código 2453,crear_usuario
Crea un usuario nuevo para el servidor principal con el código 8564,crear_usuario
Crea un usuario nuevo para el servidor de desarrollo con el código 9852,crear_usuario
Crea un usuario nuevo para el servidor de ventas con el código 9307,crear_usuario
Crea un usuario nuevo para el servidor de desarrollo con el código 2124,crear_usuario
Crea un usuario nuevo para el servidor principal con el código 6822,crear_usuario
Crea un usuario nuevo para el servidor principal con el código 7316,crear_usuario
Crea un usuario nuevo para el servidor de desarrollo con el código 3412,crear_usuario
Crea un usuario nuevo para el servidor principal con el código 2906,crear_usuario
Crea un usuario nuevo para el servidor de desarrollo con el código 9901,crear_usuario
Crea un usuario nuevo para el servidor de ventas con el código 8290,crear_usuario
Generar un usuario nuevo para el servidor de pruebas con el código 9174,crear_usuario
Generar un usuario nuevo para el servidor de ventas con el código 6321,crear_usuario
Generar un usuario nuevo para el servidor de pruebas con el código 5986,crear_usuario
Generar un usuario nuevo para el servidor de desarrollo con el código 9937,crear_usuario
Generar un usuario nuevo para el servidor de ventas con el código 3285,crear_usuario
Generar un usuario nuevo para el servidor de ventas con el código 5215,crear_usuario
Generar un usuario nuevo para el servidor de desarrollo con el código 6190,crear_usuario
Generar un usuario nuevo para el servidor de ventas con el código 7256,crear_usuario
Generar un usuario nuevo para el servidor de desarrollo con el código 9170,crear_usuario
Generar un usuario nuevo para el servidor principal con el código 1045,crear_usuario
Generar un usuario nuevo para el servidor de pruebas con el código 3944,crear_usuario
Generar un usuario nuevo para el servidor principal con el código 1998,crear_usuario
Generar un usuario nuevo para el servidor de pruebas con el código 5202,crear_usuario
Generar un usuario nuevo para el servidor de desarrollo con el código 6474,crear_usuario
Generar un usuario nuevo para el servidor de pruebas con el código 1800,crear_usuario
Generar un usuario nuevo para el servidor de pruebas con el código 8629,crear_usuario
Generar un usuario nuevo para el servidor de ventas con el código 4491,crear_usuario
Generar un usuario nuevo para el servidor principal con el código 6438,crear_usuario
Generar un usuario nuevo para el servidor de desarrollo con el código 8160,crear_usuario
Generar un usuario nuevo para el servidor de ventas con el código 9170,crear_usuario
Generar un usuario nuevo para el servidor de desarrollo con el código 2957,crear_usuario
Generar un usuario nuevo para el servidor de pruebas con el código 3598,crear_usuario
Generar un usuario nuevo para el servidor principal con el código 3760,crear_usuario
Generar un usuario nuevo para el servidor de desarrollo con el código 7824,crear_usuario
Generar un usuario nuevo para el servidor de pruebas con el código 7568,crear_usuario
Generar un usuario nuevo para el servidor de pruebas con el código 5486,crear_usuario
Generar un usuario nuevo para el servidor de ventas con el código 7562,crear_usuario
Generar un usuario nuevo para el servidor principal con el código 9309,crear_usuario
Generar un usuario nuevo para el servidor de ventas con el código 6842,crear_usuario
Generar un usuario nuevo para el servidor de pruebas con el código 7987,crear_usuario
Generar un usuario nuevo para el servidor principal con el código 1894,crear_usuario
Generar un usuario nuevo para el servidor principal con el código 5272,crear_usuario
Generar un usuario nuevo para el servidor de ventas con el código 6369,crear_usuario
Generar un usuario nuevo para el servidor de ventas con el código 7061,crear_usuario
Generar un usuario nuevo para el servidor de desarrollo con el código 9981,crear_usuario
Generar un usuario nuevo para el servidor de pruebas con el código 7070,crear_usuario
Generar un usuario nuevo para el servidor de desarrollo con el código 5039,crear_usuario
Generar un usuario nuevo para el servidor principal con el código 6475,crear_usuario
Generar un usuario nuevo para el servidor de desarrollo con el código 2477,crear_usuario
Generar un usuario nuevo para el servidor de pruebas con el código 8269,crear_usuario
Generar un usuario nuevo para el servidor principal con el código 7736,crear_usuario
Generar un usuario nuevo para el servidor de pruebas con el código 2194,crear_usuario
Generar un usuario nuevo para el servidor de desarrollo con el código 8499,crear_usuario
Generar un usuario nuevo para el servidor de desarrollo con el código 4961,crear_usuario
Generar un usuario nuevo para el servidor de ventas con el código 9494,crear_usuario
Generar un usuario nuevo para el servidor de ventas con el código 2549,crear_usuario
Generar un usuario nuevo para el servidor de pruebas con el código 2523,crear_usuario
Generar un usuario nuevo para el servidor de ventas con el código 2687,crear_usuario
Generar un usuario nuevo para el servidor de ventas con el código 3858,crear_usuario
Generar un usuario nuevo para el servidor de ventas con el código 5106,crear_usuario
Porfavor crea un nuevo usuario para 7101 en el servidor de ventas,crear_usuario
Porfavor crea un nuevo usuario para 1787 en el servidor principal,crear_usuario
Porfavor crea un nuevo usuario para 7451 en el servidor principal,crear_usuario
Porfavor crea un nuevo usuario para 3769 en el servidor de ventas,crear_usuario
Porfavor crea un nuevo usuario para 4781 en el servidor de desarrollo,crear_usuario
Porfavor crea un nuevo usuario para 4601 en el servidor de desarrollo,crear_usuario
Porfavor crea un nuevo usuario para 2672 en el servidor de ventas,crear_usuario
Porfavor crea un nuevo usuario para 5509 en el servidor principal,crear_usuario
Porfavor crea un nuevo usuario para 1927 en el servidor de pruebas,crear_usuario
Porfavor crea un nuevo usuario para 7495 en el servidor principal,crear_usuario
Porfavor crea un nuevo usuario para 4674 en el servidor principal,crear_usuario
Porfavor crea un nuevo usuario para 5214 en el servidor de ventas,crear_usuario
Porfavor crea un nuevo usuario para 9387 en el servidor de ventas,crear_usuario
Porfavor crea un nuevo usuario para 3000 en el servidor de ventas,crear_usuario
Porfavor crea un nuevo usuario para 3821 en el servidor de pruebas,crear_usuario
Porfavor crea un nuevo usuario para 9702 en el servidor de desarrollo,crear_usuario
Porfavor crea un nuevo usuario para 3582 en el servidor de desarrollo,crear_usuario
Porfavor crea un nuevo usuario para 5409 en el servidor de desarrollo,crear_usuario
Porfavor crea un nuevo usuario para 2392 en el servidor principal,crear_usuario
Porfavor crea un nuevo usuario para 8101 en el servidor de pruebas,crear_usuario
Porfavor crea un nuevo usuario para 1259 en el servidor de pruebas,crear_usuario
Porfavor crea un nuevo usuario para 9672 en el servidor principal,crear_usuario
Porfavor crea un nuevo usuario para 9371 en el servidor de pruebas,crear_usuario
Porfavor crea un nuevo usuario para 9046 en el servidor de desarrollo,crear_usuario
Porfavor crea un nuevo usuario para 3355 en el servidor principal,crear_usuario
Porfavor crea un nuevo usuario para 5255 en el servidor de ventas,crear_usuario
Porfavor crea un nuevo usuario para 4385 en el servidor de ventas,crear_usuario
Porfavor crea un nuevo usuario para 8342 en el servidor de desarrollo,crear_usuario
Porfavor crea un nuevo usuario para 8761 en el servidor principal,crear_usuario
Porfavor crea un nuevo usuario para 9013 en el servidor de desarrollo,crear_usuario
Porfavor crea un nuevo usuario para 3599 en el servidor de ventas,crear_usuario
Porfavor crea un nuevo usuario para 3240 en el servidor de ventas,crear_usuario
Porfavor crea un nuevo usuario para 6570 en el servidor de pruebas,crear_usuario
Porfavor crea un nuevo usuario para 6396 en el servidor principal,crear_usuario
Porfavor crea un nuevo usuario para 2273 en el servidor de pruebas,crear_usuario
Porfavor crea un nuevo usuario para 7498 en el servidor de ventas,crear_usuario
Porfavor crea un nuevo usuario para 3884 en el servidor principal,crear_usuario
Porfavor crea un nuevo usuario para 7605 en el servidor de pruebas,crear_usuario
Porfavor crea un nuevo usuario para 6970 en el servidor principal,crear_usuario
Porfavor crea un nuevo usuario para 4907 en el servidor de pruebas,crear_usuario
Porfavor crea un nuevo usuario para 8730 en el servidor de ventas,crear_usuario
Porfavor crea un nuevo usuario para 3359 en el servidor de pruebas,crear_usuario
Porfavor crea un nuevo usuario para 1159 en el servidor de pruebas,crear_usuario
Porfavor crea un nuevo usuario para 7559 en el servidor de ventas,crear_usuario
Porfavor crea un nuevo usuario para 6658 en el servidor principal,crear_usuario
Porfavor crea un nuevo usuario para 3433 en el servidor de ventas,crear_usuario
Porfavor crea un nuevo usuario para 2188 en el servidor de desarrollo,crear_usuario
Porfavor crea un nuevo usuario para 8134 en el servidor principal,crear_usuario
Porfavor crea un nuevo usuario para 2882 en el servidor de ventas,crear_usuario
Porfavor crea un nuevo usuario para 9471 en el servidor de ventas,crear_usuario
crear nuevo usuario para 3191 en el servidor de pruebas,crear_usuario
crear nuevo usuario para 3141 en el servidor de pruebas,crear_usuario
crear nuevo usuario para 6342 en el servidor de pruebas,crear_usuario
crear nuevo usuario para 4439 en el servidor de ventas,crear_usuario
crear nuevo usuario para 9138 en el servidor de pruebas,crear_usuario
crear nuevo usuario para 6311 en el servidor de pruebas,crear_usuario
crear nuevo usuario para 7677 en el servidor principal,crear_usuario
crear nuevo usuario para 1056 en el servidor principal,crear_usuario
crear nuevo usuario para 1693 en el servidor de pruebas,crear_usuario
crear nuevo usuario para 9661 en el servidor de ventas,crear_usuario
crear nuevo usuario para 8791 en el servidor de pruebas,crear_usuario
crear nuevo usuario para 6038 en el servidor principal,crear_usuario
crear nuevo usuario para 5419 en el servidor de ventas,crear_usuario
crear nuevo usuario para 9275 en el servidor principal,crear_usuario
crear nuevo usuario para 9871 en el servidor de pruebas,crear_usuario
crear nuevo usuario para 3506 en el servidor principal,crear_usuario
crear nuevo usuario para 7621 en el servidor de pruebas,crear_usuario
crear nuevo usuario para 4614 en el servidor principal,crear_usuario
crear nuevo usuario para 9653 en el servidor de desarrollo,crear_usuario
crear nuevo usuario para 6390 en el servidor de desarrollo,crear_usuario
crear nuevo usuario para 5801 en el servidor principal,crear_usuario
crear nuevo usuario para 9256 en el servidor de desarrollo,crear_usuario
crear nuevo usuario para 8682 en el servidor principal,crear_usuario
crear nuevo usuario para 1165 en el servidor principal,crear_usuario
crear nuevo usuario para 3213 en el servidor de desarrollo,crear_usuario
crear nuevo usuario para 4694 en el servidor de desarrollo,crear_usuario
crear nuevo usuario para 2433 en el servidor principal,crear_usuario
crear nuevo usuario para 5472 en el servidor principal,crear_usuario
crear nuevo usuario para 8260 en el servidor de desarrollo,crear_usuario
crear nuevo usuario para 1433 en el servidor de desarrollo,crear_usuario
crear nuevo usuario para 6028 en el servidor de ventas,crear_usuario
crear nuevo usuario para 6866 en el servidor de pruebas,crear_usuario
crear nuevo usuario para 4778 en el servidor de pruebas,crear_usuario
crear nuevo usuario para 5289 en el servidor de desarrollo,crear_usuario
crear nuevo usuario para 9179 en el servidor principal,crear_usuario
crear nuevo usuario para 9869 en el servidor principal,crear_usuario
crear nuevo usuario para 8649 en el servidor de desarrollo,crear_usuario
crear nuevo usuario para 8181 en el servidor de desarrollo,crear_usuario
crear nuevo usuario para 7924 en el servidor de pruebas,crear_usuario
crear nuevo usuario para 3025 en el servidor de desarrollo,crear_usuario
crear nuevo usuario para 3893 en el servidor de desarrollo,crear_usuario
crear nuevo usuario para 6122 en el servidor de ventas,crear_usuario
crear nuevo usuario para 9431 en el servidor de pruebas,crear_usuario
crear nuevo usuario para 5519 en el servidor de pruebas,crear_usuario
crear nuevo usuario para 4853 en el servidor de desarrollo,crear_usuario
crear nuevo usuario para 4177 en el servidor principal,crear_usuario
crear nuevo usuario para 1267 en el servidor principal,crear_usuario
crear nuevo usuario para 5102 en el servidor de pruebas,crear_usuario
crear nuevo usuario para 5651 en el servidor de ventas,crear_usuario
crear nuevo usuario para 1035 en el servidor de desarrollo,crear_usuario
nuevo acceso para 5886 en el servidor de desarrollo,crear_usuario
nuevo acceso para 7941 en el servidor de pruebas,crear_usuario
nuevo acceso para 7879 en el servidor de pruebas,crear_usuario
nuevo acceso para 5339 en el servidor de desarrollo,crear_usuario
nuevo acceso para 1059 en el servidor de desarrollo,crear_usuario
nuevo acceso para 2165 en el servidor de desarrollo,crear_usuario
nuevo acceso para 5011 en el servidor de ventas,crear_usuario
nuevo acceso para 7760 en el servidor de desarrollo,crear_usuario
nuevo acceso para 3512 en el servidor de desarrollo,crear_usuario
nuevo acceso para 7806 en el servidor de ventas,crear_usuario
nuevo acceso para 5702 en el servidor de ventas,crear_usuario
nuevo acceso para 6606 en el servidor de ventas,crear_usuario
nuevo acceso para 9017 en el servidor de ventas,crear_usuario
nuevo acceso para 7401 en el servidor principal,crear_usuario
nuevo acceso para 6513 en el servidor de desarrollo,crear_usuario
nuevo acceso para 4361 en el servidor principal,crear_usuario
nuevo acceso para 7381 en el servidor de desarrollo,crear_usuario
nuevo acceso para 1134 en el servidor de desarrollo,crear_usuario
nuevo acceso para 4777 en el servidor de ventas,crear_usuario
nuevo acceso para 4225 en el servidor de desarrollo,crear_usuario
nuevo acceso para 8325 en el servidor de desarrollo,crear_usuario
nuevo acceso para 4398 en el servidor principal,crear_usuario
nuevo acceso para 8270 en el servidor de desarrollo,crear_usuario
nuevo acceso para 7217 en el servidor de pruebas,crear_usuario
nuevo acceso para 1092 en el servidor de ventas,crear_usuario
nuevo acceso para 7070 en el servidor de pruebas,crear_usuario
nuevo acceso para 3350 en el servidor de desarrollo,crear_usuario
nuevo acceso para 6245 en el servidor de pruebas,crear_usuario
nuevo acceso para 7436 en el servidor de ventas,crear_usuario
nuevo acceso para 1714 en el servidor principal,crear_usuario
nuevo acceso para 2586 en el servidor principal,crear_usuario
nuevo acceso para 4601 en el servidor de ventas,crear_usuario
nuevo acceso para 9686 en el servidor de desarrollo,crear_usuario
nuevo acceso para 9247 en el servidor de ventas,crear_usuario
nuevo acceso para 6984 en el servidor de pruebas,crear_usuario
nuevo acceso para 5262 en el servidor de desarrollo,crear_usuario
nuevo acceso para 5744 en el servidor principal,crear_usuario
nuevo acceso para 1625 en el servidor de pruebas,crear_usuario
nuevo acceso para 7839 en el servidor de pruebas,crear_usuario
nuevo acceso para 5382 en el servidor de ventas,crear_usuario
nuevo acceso para 6837 en el servidor de ventas,crear_usuario
nuevo acceso para 7704 en el servidor de pruebas,crear_usuario
nuevo acceso para 1967 en el servidor de pruebas,crear_usuario
nuevo acceso para 4593 en el servidor de pruebas,crear_usuario
nuevo acceso para 3375 en el servidor de pruebas,crear_usuario
nuevo acceso para 6065 en el servidor de ventas,crear_usuario
nuevo acceso para 4235 en el servidor de desarrollo,crear_usuario
nuevo acceso para 9794 en el servidor principal,crear_usuario
nuevo acceso para 7815 en el servidor principal,crear_usuario
nuevo acceso para 9272 en el servidor de desarrollo,crear_usuario
Añade un nuevo acceso en  servidor de pruebas para el usuario 5083,crear_usuario
Añade un nuevo acceso en  servidor de desarrollo para el usuario 8674,crear_usuario
Añade un nuevo acceso en  servidor de pruebas para el usuario 5889,crear_usuario
Añade un nuevo acceso en  servidor principal para el usuario 2476,crear_usuario
Añade un nuevo acceso en  servidor de desarrollo para el usuario 8475,crear_usuario
Añade un nuevo acceso en  servidor de pruebas para el usuario 8131,crear_usuario
Añade un nuevo acceso en  servidor principal para el usuario 5208,crear_usuario
Añade un nuevo acceso en  servidor de ventas para el usuario 6807,crear_usuario
Añade un nuevo acceso en  servidor principal para el usuario 3164,crear_usuario
Añade un nuevo acceso en  servidor de pruebas para el usuario 9581,crear_usuario
Añade un nuevo acceso en  servidor de pruebas para el usuario 1914,crear_usuario
Añade un nuevo acceso en  servidor de pruebas para el usuario 5793,crear_usuario
Añade un nuevo acceso en  servidor de pruebas para el usuario 6693,crear_usuario
Añade un nuevo acceso en  servidor de ventas para el usuario 6029,crear_usuario
Añade un nuevo acceso en  servidor de ventas para el usuario 1200,crear_usuario
Añade un nuevo acceso en  servidor principal para el usuario 5995,crear_usuario
Añade un nuevo acceso en  servidor principal para el usuario 1264,crear_usuario
Añade un nuevo acceso en  servidor principal para el usuario 2216,crear_usuario
Añade un nuevo acceso en  servidor de desarrollo para el usuario 4481,crear_usuario
Añade un nuevo acceso en  servidor de ventas para el usuario 2403,crear_usuario
Añade un nuevo acceso en  servidor principal para el usuario 4223,crear_usuario
Añade un nuevo acceso en  servidor principal para el usuario 9225,crear_usuario
Añade un nuevo acceso en  servidor de pruebas para el usuario 2013,crear_usuario
Añade un nuevo acceso en  servidor de pruebas para el usuario 8960,crear_usuario
Añade un nuevo acceso en  servidor principal para el usuario 5089,crear_usuario
Añade un nuevo acceso en  servidor de ventas para el usuario 2076,crear_usuario
Añade un nuevo acceso en  servidor de ventas para el usuario 6890,crear_usuario
Añade un nuevo acceso en  servidor de pruebas para el usuario 9562,crear_usuario
Añade un nuevo acceso en  servidor de ventas para el usuario 5142,crear_usuario
Añade un nuevo acceso en  servidor de ventas para el usuario 1632,crear_usuario
Añade un nuevo acceso en  servidor de ventas para el usuario 2909,crear_usuario
Añade un nuevo acceso en  servidor de pruebas para el usuario 3057,crear_usuario
Añade un nuevo acceso en  servidor de pruebas para el usuario 4368,crear_usuario
Añade un nuevo acceso en  servidor de pruebas para el usuario 2282,crear_usuario
Añade un nuevo acceso en  servidor principal para el usuario 4263,crear_usuario
Añade un nuevo acceso en  servidor de ventas para el usuario 2438,crear_usuario
Añade un nuevo acceso en  servidor principal para el usuario 5487,crear_usuario
Añade un nuevo acceso en  servidor de desarrollo para el usuario 1383,crear_usuario
Añade un nuevo acceso en  servidor de pruebas para el usuario 7298,crear_usuario
Añade un nuevo acceso en  servidor de pruebas para el usuario 8080,crear_usuario
Añade un nuevo acceso en  servidor de desarrollo para el usuario 5917,crear_usuario
Añade un nuevo acceso en  servidor principal para el usuario 2776,crear_usuario
Añade un nuevo acceso en  servidor principal para el usuario 1338,crear_usuario
Añade un nuevo acceso en  servidor de desarrollo para el usuario 7274,crear_usuario
Añade un nuevo acceso en  servidor principal para el usuario 2490,crear_usuario
Añade un nuevo acceso en  servidor de ventas para el usuario 6736,crear_usuario
Añade un nuevo acceso en  servidor de pruebas para el usuario 4281,crear_usuario
Añade un nuevo acceso en  servidor de ventas para el usuario 1072,crear_usuario
Añade un nuevo acceso en  servidor de ventas para el usuario 3333,crear_usuario
Añade un nuevo acceso en  servidor de pruebas para el usuario 3728,crear_usuario
me ayudarias a crear un usuario para el servidor principal con el código 1451,crear_usuario
me ayudarias a crear un usuario para el servidor de desarrollo con el código 6161,crear_usuario
me ayudarias a crear un usuario para el servidor de ventas con el código 6954,crear_usuario
me ayudarias a crear un usuario para el servidor de ventas con el código 9373,crear_usuario
me ayudarias a crear un usuario para el servidor de desarrollo con el código 4490,crear_usuario
me ayudarias a crear un usuario para el servidor principal con el código 7274,crear_usuario
me ayudarias a crear un usuario para el servidor principal con el código 2883,crear_usuario
me ayudarias a crear un usuario para el servidor de ventas con el código 6248,crear_usuario
me ayudarias a crear un usuario para el servidor de pruebas con el código 3490,crear_usuario
me ayudarias a crear un usuario para el servidor de ventas con el código 1638,crear_usuario
me ayudarias a crear un usuario para el servidor de ventas con el código 8515,crear_usuario
me ayudarias a crear un usuario para el servidor de desarrollo con el código 8198,crear_usuario
me ayudarias a crear un usuario para el servidor de desarrollo con el código 6545,crear_usuario
me ayudarias a crear un usuario para el servidor de pruebas con el código 4547,crear_usuario
me ayudarias a crear un usuario para el servidor de ventas con el código 8971,crear_usuario
me ayudarias a crear un usuario para el servidor de pruebas con el código 6321,crear_usuario
me ayudarias a crear un usuario para el servidor principal con el código 7344,crear_usuario
me ayudarias a crear un usuario para el servidor de pruebas con el código 1082,crear_usuario
me ayudarias a crear un usuario para el servidor de desarrollo con el código 3376,crear_usuario
me ayudarias a crear un usuario para el servidor principal con el código 3498,crear_usuario
me ayudarias a crear un usuario para el servidor de desarrollo con el código 5837,crear_usuario
me ayudarias a crear un usuario para el servidor principal con el código 6247,crear_usuario
me ayudarias a crear un usuario para el servidor de ventas con el código 9491,crear_usuario
me ayudarias a crear un usuario para el servidor principal con el código 9352,crear_usuario
me ayudarias a crear un usuario para el servidor principal con el código 7269,crear_usuario
me ayudarias a crear un usuario para el servidor principal con el código 4068,crear_usuario
me ayudarias a crear un usuario para el servidor de ventas con el código 3713,crear_usuario
me ayudarias a crear un usuario para el servidor de ventas con el código 3650,crear_usuario
me ayudarias a crear un usuario para el servidor de pruebas con el código 5953,crear_usuario
me ayudarias a crear un usuario para el servidor de ventas con el código 5774,crear_usuario
me ayudarias a crear un usuario para el servidor de desarrollo con el código 8957,crear_usuario
me ayudarias a crear un usuario para el servidor de pruebas con el código 8495,crear_usuario
me ayudarias a crear un usuario para el servidor principal con el código 9415,crear_usuario
me ayudarias a crear un usuario para el servidor de desarrollo con el código 3770,crear_usuario
me ayudarias a crear un usuario para el servidor principal con el código 9492,crear_usuario
me ayudarias a crear un usuario para el servidor principal con el código 5120,crear_usuario
me ayudarias a crear un usuario para el servidor de ventas con el código 6298,crear_usuario
me ayudarias a crear un usuario para el servidor principal con el código 6224,crear_usuario
me ayudarias a crear un usuario para el servidor de pruebas con el código 1133,crear_usuario
me ayudarias a crear un usuario para el servidor de desarrollo con el código 7667,crear_usuario
me ayudarias a crear un usuario para el servidor principal con el código 7040,crear_usuario
me ayudarias a crear un usuario para el servidor de pruebas con el código 5431,crear_usuario
me ayudarias a crear un usuario para el servidor principal con el código 7562,crear_usuario
me ayudarias a crear un usuario para el servidor de pruebas con el código 5377,crear_usuario
me ayudarias a crear un usuario para el servidor principal con el código 8118,crear_usuario
me ayudarias a crear un usuario para el servidor principal con el código 5889,crear_usuario
me ayudarias a crear un usuario para el servidor de ventas con el código 2702,crear_usuario
me ayudarias a crear un usuario para el servidor principal con el código 2585,crear_usuario
me ayudarias a crear un usuario para el servidor de pruebas con el código 6529,crear_usuario
me ayudarias a crear un usuario para el servidor principal con el código 4679,crear_usuario
me ayudarias añadieno un acceso para el usuario 5303 en el servidor principal,crear_usuario
me ayudarias añadieno un acceso para el usuario 9606 en el servidor de ventas,crear_usuario
me ayudarias añadieno un acceso para el usuario 9501 en el servidor de desarrollo,crear_usuario
me ayudarias añadieno un acceso para el usuario 6579 en el servidor de pruebas,crear_usuario
me ayudarias añadieno un acceso para el usuario 3711 en el servidor principal,crear_usuario
me ayudarias añadieno un acceso para el usuario 4634 en el servidor de ventas,crear_usuario
me ayudarias añadieno un acceso para el usuario 5077 en el servidor principal,crear_usuario
me ayudarias añadieno un acceso para el usuario 5549 en el servidor principal,crear_usuario
me ayudarias añadieno un acceso para el usuario 8952 en el servidor de pruebas,crear_usuario
me ayudarias añadieno un acceso para el usuario 5515 en el servidor de desarrollo,crear_usuario
me ayudarias añadieno un acceso para el usuario 9262 en el servidor de ventas,crear_usuario
me ayudarias añadieno un acceso para el usuario 9975 en el servidor de pruebas,crear_usuario
me ayudarias añadieno un acceso para el usuario 8809 en el servidor de ventas,crear_usuario
me ayudarias añadieno un acceso para el usuario 4672 en el servidor principal,crear_usuario
me ayudarias añadieno un acceso para el usuario 5389 en el servidor de pruebas,crear_usuario
me ayudarias añadieno un acceso para el usuario 4432 en el servidor principal,crear_usuario
me ayudarias añadieno un acceso para el usuario 8056 en el servidor de ventas,crear_usuario
me ayudarias añadieno un acceso para el usuario 4633 en el servidor de ventas,crear_usuario
me ayudarias añadieno un acceso para el usuario 3798 en el servidor de pruebas,crear_usuario
me ayudarias añadieno un acceso para el usuario 2492 en el servidor de desarrollo,crear_usuario
me ayudarias añadieno un acceso para el usuario 5128 en el servidor principal,crear_usuario
me ayudarias añadieno un acceso para el usuario 5673 en el servidor principal,crear_usuario
me ayudarias añadieno un acceso para el usuario 7607 en el servidor principal,crear_usuario
me ayudarias añadieno un acceso para el usuario 8122 en el servidor de ventas,crear_usuario
me ayudarias añadieno un acceso para el usuario 5349 en el servidor de pruebas,crear_usuario
me ayudarias añadieno un acceso para el usuario 7376 en el servidor principal,crear_usuario
me ayudarias añadieno un acceso para el usuario 5174 en el servidor de ventas,crear_usuario
me ayudarias añadieno un acceso para el usuario 2778 en el servidor de ventas,crear_usuario
me ayudarias añadieno un acceso para el usuario 9686 en el servidor principal,crear_usuario
me ayudarias añadieno un acceso para el usuario 3554 en el servidor de desarrollo,crear_usuario
me ayudarias añadieno un acceso para el usuario 2349 en el servidor de desarrollo,crear_usuario
me ayudarias añadieno un acceso para el usuario 6692 en el servidor de desarrollo,crear_usuario
me ayudarias añadieno un acceso para el usuario 8793 en el servidor de pruebas,crear_usuario
me ayudarias añadieno un acceso para el usuario 9712 en el servidor de pruebas,crear_usuario
me ayudarias añadieno un acceso para el usuario 9089 en el servidor de ventas,crear_usuario
me ayudarias añadieno un acceso para el usuario 7508 en el servidor de ventas,crear_usuario
me ayudarias añadieno un acceso para el usuario 7963 en el servidor principal,crear_usuario
me ayudarias añadieno un acceso para el usuario 5539 en el servidor de ventas,crear_usuario
me ayudarias añadieno un acceso para el usuario 3206 en el servidor de pruebas,crear_usuario
me ayudarias añadieno un acceso para el usuario 5324 en el servidor de ventas,crear_usuario
me ayudarias añadieno un acceso para el usuario 9474 en el servidor de desarrollo,crear_usuario
me ayudarias añadieno un acceso para el usuario 4223 en el servidor de ventas,crear_usuario
me ayudarias añadieno un acceso para el usuario 8884 en el servidor de ventas,crear_usuario
me ayudarias añadieno un acceso para el usuario 1406 en el servidor de ventas,crear_usuario
me ayudarias añadieno un acceso para el usuario 9792 en el servidor principal,crear_usuario
me ayudarias añadieno un acceso para el usuario 5839 en el servidor de pruebas,crear_usuario
me ayudarias añadieno un acceso para el usuario 9016 en el servidor principal,crear_usuario
me ayudarias añadieno un acceso para el usuario 8752 en el servidor principal,crear_usuario
me ayudarias añadieno un acceso para el usuario 7853 en el servidor principal,crear_usuario
me ayudarias añadieno un acceso para el usuario 9861 en el servidor de ventas,crear_usuario
necesito crear un usuario para el servidor principal con el código 6125,crear_usuario
necesito crear un usuario para el servidor de desarrollo con el código 2726,crear_usuario
necesito crear un usuario para el servidor de desarrollo con el código 5537,crear_usuario
necesito crear un usuario para el servidor de desarrollo con el código 3488,crear_usuario
necesito crear un usuario para el servidor de pruebas con el código 2959,crear_usuario
necesito crear un usuario para el servidor principal con el código 4804,crear_usuario
necesito crear un usuario para el servidor de ventas con el código 4733,crear_usuario
necesito crear un usuario para el servidor principal con el código 4922,crear_usuario
necesito crear un usuario para el servidor de pruebas con el código 8764,crear_usuario
necesito crear un usuario para el servidor de desarrollo con el código 3130,crear_usuario
necesito crear un usuario para el servidor de ventas con el código 7044,crear_usuario
necesito crear un usuario para el servidor de desarrollo con el código 7425,crear_usuario
necesito crear un usuario para el servidor principal con el código 1541,crear_usuario
necesito crear un usuario para el servidor de pruebas con el código 4445,crear_usuario
necesito crear un usuario para el servidor principal con el código 4889,crear_usuario
necesito crear un usuario para el servidor de desarrollo con el código 3959,crear_usuario
necesito crear un usuario para el servidor de ventas con el código 5434,crear_usuario
necesito crear un usuario para el servidor de ventas con el código 4300,crear_usuario
necesito crear un usuario para el servidor principal con el código 6420,crear_usuario
necesito crear un usuario para el servidor de pruebas con el código 5115,crear_usuario
necesito crear un usuario para el servidor principal con el código 1279,crear_usuario
necesito crear un usuario para el servidor de ventas con el código 7608,crear_usuario
necesito crear un usuario para el servidor de desarrollo con el código 5332,crear_usuario
necesito crear un usuario para el servidor de ventas con el código 1999,crear_usuario
necesito crear un usuario para el servidor de desarrollo con el código 8758,crear_usuario
necesito crear un usuario para el servidor de pruebas con el código 1308,crear_usuario
necesito crear un usuario para el servidor de desarrollo con el código 6648,crear_usuario
necesito crear un usuario para el servidor de ventas con el código 5898,crear_usuario
necesito crear un usuario para el servidor de desarrollo con el código 9162,crear_usuario
necesito crear un usuario para el servidor de pruebas con el código 3771,crear_usuario
necesito crear un usuario para el servidor principal con el código 9439,crear_usuario
necesito crear un usuario para el servidor de pruebas con el código 9901,crear_usuario
necesito crear un usuario para el servidor principal con el código 6187,crear_usuario
necesito crear un usuario para el servidor de desarrollo con el código 2634,crear_usuario
necesito crear un usuario para el servidor de ventas con el código 6927,crear_usuario
necesito crear un usuario para el servidor de ventas con el código 3303,crear_usuario
necesito crear un usuario para el servidor de pruebas con el código 2203,crear_usuario
necesito crear un usuario para el servidor de pruebas con el código 5123,crear_usuario
necesito crear un usuario para el servidor principal con el código 7114,crear_usuario
necesito crear un usuario para el servidor de pruebas con el código 6781,crear_usuario
necesito crear un usuario para el servidor de ventas con el código 4927,crear_usuario
necesito crear un usuario para el servidor principal con el código 1189,crear_usuario
necesito crear un usuario para el servidor principal con el código 3849,crear_usuario
necesito crear un usuario para el servidor principal con el código 1751,crear_usuario
necesito crear un usuario para el servidor de ventas con el código 3645,crear_usuario
necesito crear un usuario para el servidor de ventas con el código 2465,crear_usuario
necesito crear un usuario para el servidor de ventas con el código 4453,crear_usuario
necesito crear un usuario para el servidor de ventas con el código 5012,crear_usuario
necesito crear un usuario para el servidor de pruebas con el código 9837,crear_usuario
necesito crear un usuario para el servidor de ventas con el código 8624,crear_usuario
Acceso nuevo en el servidor de ventas para el usuario 3562,crear_usuario
Acceso nuevo en el servidor de pruebas para el usuario 3858,crear_usuario
Acceso nuevo en el servidor de ventas para el usuario 4590,crear_usuario
Acceso nuevo en el servidor principal para el usuario 1425,crear_usuario
Acceso nuevo en el servidor principal para el usuario 3161,crear_usuario
Acceso nuevo en el servidor principal para el usuario 2829,crear_usuario
Acceso nuevo en el servidor de ventas para el usuario 9198,crear_usuario
Acceso nuevo en el servidor principal para el usuario 1481,crear_usuario
Acceso nuevo en el servidor de desarrollo para el usuario 8725,crear_usuario
Acceso nuevo en el servidor de ventas para el usuario 7207,crear_usuario
Acceso nuevo en el servidor de desarrollo para el usuario 2975,crear_usuario
Acceso nuevo en el servidor de pruebas para el usuario 3458,crear_usuario
Acceso nuevo en el servidor principal para el usuario 8081,crear_usuario
Acceso nuevo en el servidor de ventas para el usuario 5701,crear_usuario
Acceso nuevo en el servidor de pruebas para el usuario 6622,crear_usuario
Acceso nuevo en el servidor de ventas para el usuario 5396,crear_usuario
Acceso nuevo en el servidor principal para el usuario 1685,crear_usuario
Acceso nuevo en el servidor de pruebas para el usuario 4132,crear_usuario
Acceso nuevo en el servidor de ventas para el usuario 6308,crear_usuario
Acceso nuevo en el servidor de pruebas para el usuario 3592,crear_usuario
Acceso nuevo en el servidor principal para el usuario 6638,crear_usuario
Acceso nuevo en el servidor de desarrollo para el usuario 5874,crear_usuario
Acceso nuevo en el servidor de desarrollo para el usuario 5699,crear_usuario
Acceso nuevo en el servidor principal para el usuario 6448,crear_usuario
Acceso nuevo en el servidor principal para el usuario 3490,crear_usuario
Acceso nuevo en el servidor de ventas para el usuario 6343,crear_usuario
Acceso nuevo en el servidor principal para el usuario 5769,crear_usuario
Acceso nuevo en el servidor de desarrollo para el usuario 1634,crear_usuario
Acceso nuevo en el servidor de ventas para el usuario 9610,crear_usuario
Acceso nuevo en el servidor de pruebas para el usuario 6512,crear_usuario
Acceso nuevo en el servidor de pruebas para el usuario 2621,crear_usuario
Acceso nuevo en el servidor de desarrollo para el usuario 4548,crear_usuario
Acceso nuevo en el servidor de ventas para el usuario 8474,crear_usuario
Acceso nuevo en el servidor de desarrollo para el usuario 9905,crear_usuario
Acceso nuevo en el servidor principal para el usuario 7924,crear_usuario
Acceso nuevo en el servidor de pruebas para el usuario 9298,crear_usuario
Acceso nuevo en el servidor de ventas para el usuario 9092,crear_usuario
Acceso nuevo en el servidor principal para el usuario 4529,crear_usuario
Acceso nuevo en el servidor principal para el usuario 7111,crear_usuario
Acceso nuevo en el servidor de ventas para el usuario 2911,crear_usuario
Acceso nuevo en el servidor de pruebas para el usuario 4558,crear_usuario
Acceso nuevo en el servidor de pruebas para el usuario 4857,crear_usuario
Acceso nuevo en el servidor de pruebas para el usuario 3742,crear_usuario
Acceso nuevo en el servidor de desarrollo para el usuario 8215,crear_usuario
Acceso nuevo en el servidor principal para el usuario 9944,crear_usuario
Acceso nuevo en el servidor de pruebas para el usuario 4462,crear_usuario
Acceso nuevo en el servidor de pruebas para el usuario 2787,crear_usuario
Acceso nuevo en el servidor de ventas para el usuario 5893,crear_usuario
Acceso nuevo en el servidor principal para el usuario 4985,crear_usuario
Acceso nuevo en el servidor de desarrollo para el usuario 9942,crear_usuario
Acceso nuevo para el usuario 3710 en el servidor principal,crear_usuario
Acceso nuevo para el usuario 4425 en el servidor de ventas,crear_usuario
Acceso nuevo para el usuario 7649 en el servidor principal,crear_usuario
Acceso nuevo para el usuario 8926 en el servidor principal,crear_usuario
Acceso nuevo para el usuario 8298 en el servidor de pruebas,crear_usuario
Acceso nuevo para el usuario 8159 en el servidor de pruebas,crear_usuario
Acceso nuevo para el usuario 1667 en el servidor de pruebas,crear_usuario
Acceso nuevo para el usuario 5290 en el servidor de ventas,crear_usuario
Acceso nuevo para el usuario 4470 en el servidor de pruebas,crear_usuario
Acceso nuevo para el usuario 7095 en el servidor de ventas,crear_usuario
Acceso nuevo para el usuario 6716 en el servidor principal,crear_usuario
Acceso nuevo para el usuario 1707 en el servidor de desarrollo,crear_usuario
Acceso nuevo para el usuario 7400 en el servidor de ventas,crear_usuario
Acceso nuevo para el usuario 2042 en el servidor principal,crear_usuario
Acceso nuevo para el usuario 8324 en el servidor de desarrollo,crear_usuario
Acceso nuevo para el usuario 2022 en el servidor de pruebas,crear_usuario
Acceso nuevo para el usuario 6215 en el servidor de desarrollo,crear_usuario
Acceso nuevo para el usuario 9775 en el servidor de pruebas,crear_usuario
Acceso nuevo para el usuario 7057 en el servidor de desarrollo,crear_usuario
Acceso nuevo para el usuario 3789 en el servidor de ventas,crear_usuario
Acceso nuevo para el usuario 6680 en el servidor de pruebas,crear_usuario
Acceso nuevo para el usuario 1343 en el servidor de desarrollo,crear_usuario
Acceso nuevo para el usuario 6207 en el servidor principal,crear_usuario
Acceso nuevo para el usuario 7158 en el servidor de pruebas,crear_usuario
Acceso nuevo para el usuario 8007 en el servidor de pruebas,crear_usuario
Acceso nuevo para el usuario 5153 en el servidor de pruebas,crear_usuario
Acceso nuevo para el usuario 1992 en el servidor de ventas,crear_usuario
Acceso nuevo para el usuario 4923 en el servidor principal,crear_usuario
Acceso nuevo para el usuario 7717 en el servidor de pruebas,crear_usuario
Acceso nuevo para el usuario 2942 en el servidor principal,crear_usuario
Acceso nuevo para el usuario 2994 en el servidor de desarrollo,crear_usuario
Acceso nuevo para el usuario 4260 en el servidor principal,crear_usuario
Acceso nuevo para el usuario 9390 en el servidor principal,crear_usuario
Acceso nuevo para el usuario 3646 en el servidor principal,crear_usuario
Acceso nuevo para el usuario 3136 en el servidor principal,crear_usuario
Acceso nuevo para el usuario 5873 en el servidor de desarrollo,crear_usuario
Acceso nuevo para el usuario 2999 en el servidor de ventas,crear_usuario
Acceso nuevo para el usuario 6317 en el servidor de desarrollo,crear_usuario
Acceso nuevo para el usuario 5560 en el servidor principal,crear_usuario
Acceso nuevo para el usuario 8248 en el servidor de desarrollo,crear_usuario
Acceso nuevo para el usuario 4423 en el servidor de pruebas,crear_usuario
Acceso nuevo para el usuario 7400 en el servidor de ventas,crear_usuario
Acceso nuevo para el usuario 6384 en el servidor de ventas,crear_usuario
Acceso nuevo para el usuario 3944 en el servidor de desarrollo,crear_usuario
Acceso nuevo para el usuario 9768 en el servidor de ventas,crear_usuario
Acceso nuevo para el usuario 8442 en el servidor de ventas,crear_usuario
Acceso nuevo para el usuario 1592 en el servidor principal,crear_usuario
Acceso nuevo para el usuario 5244 en el servidor de ventas,crear_usuario
Acceso nuevo para el usuario 3885 en el servidor de pruebas,crear_usuario
Acceso nuevo para el usuario 8623 en el servidor de ventas,crear_usuario
Crear un usuario en el servidor de ventas para el usuario 8602,crear_usuario
Crear un usuario en el servidor de ventas para el usuario 7940,crear_usuario
Crear un usuario en el servidor de desarrollo para el usuario 2983,crear_usuario
Crear un usuario en el servidor de pruebas para el usuario 7935,crear_usuario
Crear un usuario en el servidor principal para el usuario 1901,crear_usuario
Crear un usuario en el servidor principal para el usuario 5425,crear_usuario
Crear un usuario en el servidor de ventas para el usuario 9804,crear_usuario
Crear un usuario en el servidor de desarrollo para el usuario 3793,crear_usuario
Crear un usuario en el servidor de desarrollo para el usuario 4394,crear_usuario
Crear un usuario en el servidor de pruebas para el usuario 7483,crear_usuario
Crear un usuario en el servidor de pruebas para el usuario 3792,crear_usuario
Crear un usuario en el servidor de pruebas para el usuario 5104,crear_usuario
Crear un usuario en el servidor de desarrollo para el usuario 4681,crear_usuario
Crear un usuario en el servidor de ventas para el usuario 3834,crear_usuario
Crear un usuario en el servidor de desarrollo para el usuario 9260,crear_usuario
Crear un usuario en el servidor de pruebas para el usuario 4410,crear_usuario
Crear un usuario en el servidor principal para el usuario 3338,crear_usuario
Crear un usuario en el servidor principal para el usuario 3054,crear_usuario
Crear un usuario en el servidor de pruebas para el usuario 8542,crear_usuario
Crear un usuario en el servidor de ventas para el usuario 2408,crear_usuario
Crear un usuario en el servidor de desarrollo para el usuario 7284,crear_usuario
Crear un usuario en el servidor de ventas para el usuario 1822,crear_usuario
Crear un usuario en el servidor de pruebas para el usuario 6709,crear_usuario
Crear un usuario en el servidor principal para el usuario 4411,crear_usuario
Crear un usuario en el servidor de pruebas para el usuario 1413,crear_usuario
Crear un usuario en el servidor principal para el usuario 5440,crear_usuario
Crear un usuario en el servidor de pruebas para el usuario 3173,crear_usuario
Crear un usuario en el servidor principal para el usuario 1409,crear_usuario
Crear un usuario en el servidor de desarrollo para el usuario 3974,crear_usuario
Crear un usuario en el servidor principal para el usuario 5222,crear_usuario
Crear un usuario en el servidor de pruebas para el usuario 8937,crear_usuario
Crear un usuario en el servidor principal para el usuario 5552,crear_usuario
Crear un usuario en el servidor de ventas para el usuario 3614,crear_usuario
Crear un usuario en el servidor de ventas para el usuario 3392,crear_usuario
Crear un usuario en el servidor de desarrollo para el usuario 2607,crear_usuario
Crear un usuario en el servidor de desarrollo para el usuario 8413,crear_usuario
Crear un usuario en el servidor de pruebas para el usuario 9337,crear_usuario
Crear un usuario en el servidor principal para el usuario 6468,crear_usuario
Crear un usuario en el servidor de desarrollo para el usuario 3918,crear_usuario
Crear un usuario en el servidor principal para el usuario 1956,crear_usuario
Crear un usuario en el servidor de desarrollo para el usuario 6184,crear_usuario
Crear un usuario en el servidor de pruebas para el usuario 5333,crear_usuario
Crear un usuario en el servidor de pruebas para el usuario 1896,crear_usuario
Crear un usuario en el servidor de ventas para el usuario 5574,crear_usuario
Crear un usuario en el servidor principal para el usuario 3215,crear_usuario
Crear un usuario en el servidor de pruebas para el usuario 4516,crear_usuario
Crear un usuario en el servidor principal para el usuario 3964,crear_usuario
Crear un usuario en el servidor de ventas para el usuario 6227,crear_usuario
Crear un usuario en el servidor de desarrollo para el usuario 5283,crear_usuario
Crear un usuario en el servidor de pruebas para el usuario 5207,crear_usuario
ayudame a crear un usuario en el servidor principal para el usuario 1570,crear_usuario
ayudame a crear un usuario en el servidor de pruebas para el usuario 5268,crear_usuario
ayudame a crear un usuario en el servidor principal para el usuario 8519,crear_usuario
ayudame a crear un usuario en el servidor principal para el usuario 5030,crear_usuario
ayudame a crear un usuario en el servidor de desarrollo para el usuario 1569,crear_usuario
ayudame a crear un usuario en el servidor de ventas para el usuario 4460,crear_usuario
ayudame a crear un usuario en el servidor de pruebas para el usuario 9241,crear_usuario
ayudame a crear un usuario en el servidor de desarrollo para el usuario 4725,crear_usuario
ayudame a crear un usuario en el servidor de desarrollo para el usuario 7454,crear_usuario
ayudame a crear un usuario en el servidor de ventas para el usuario 1890,crear_usuario
ayudame a crear un usuario en el servidor de ventas para el usuario 6752,crear_usuario
ayudame a crear un usuario en el servidor principal para el usuario 1663,crear_usuario
ayudame a crear un usuario en el servidor principal para el usuario 5890,crear_usuario
ayudame a crear un usuario en el servidor de pruebas para el usuario 4740,crear_usuario
ayudame a crear un usuario en el servidor de desarrollo para el usuario 9762,crear_usuario
ayudame a crear un usuario en el servidor de pruebas para el usuario 3506,crear_usuario
ayudame a crear un usuario en el servidor de ventas para el usuario 6478,crear_usuario
ayudame a crear un usuario en el servidor principal para el usuario 5391,crear_usuario
ayudame a crear un usuario en el servidor de pruebas para el usuario 3259,crear_usuario
ayudame a crear un usuario en el servidor de desarrollo para el usuario 8661,crear_usuario
ayudame a crear un usuario en el servidor de desarrollo para el usuario 7563,crear_usuario
ayudame a crear un usuario en el servidor principal para el usuario 9445,crear_usuario
ayudame a crear un usuario en el servidor de desarrollo para el usuario 6935,crear_usuario
ayudame a crear un usuario en el servidor de desarrollo para el usuario 2087,crear_usuario
ayudame a crear un usuario en el servidor principal para el usuario 7845,crear_usuario
ayudame a crear un usuario en el servidor de pruebas para el usuario 2071,crear_usuario
ayudame a crear un usuario en el servidor principal para el usuario 3810,crear_usuario
ayudame a crear un usuario en el servidor principal para el usuario 3417,crear_usuario
ayudame a crear un usuario en el servidor de desarrollo para el usuario 2655,crear_usuario
ayudame a crear un usuario en el servidor principal para el usuario 9458,crear_usuario
ayudame a crear un usuario en el servidor principal para el usuario 5198,crear_usuario
ayudame a crear un usuario en el servidor de desarrollo para el usuario 6868,crear_usuario
ayudame a crear un usuario en el servidor de pruebas para el usuario 1703,crear_usuario
ayudame a crear un usuario en el servidor de ventas para el usuario 3700,crear_usuario
ayudame a crear un usuario en el servidor de ventas para el usuario 6966,crear_usuario
ayudame a crear un usuario en el servidor de ventas para el usuario 4343,crear_usuario
ayudame a crear un usuario en el servidor de pruebas para el usuario 3777,crear_usuario
ayudame a crear un usuario en el servidor de desarrollo para el usuario 5549,crear_usuario
ayudame a crear un usuario en el servidor de desarrollo para el usuario 3506,crear_usuario
ayudame a crear un usuario en el servidor de pruebas para el usuario 1483,crear_usuario
ayudame a crear un usuario en el servidor principal para el usuario 6533,crear_usuario
ayudame a crear un usuario en el servidor principal para el usuario 9262,crear_usuario
ayudame a crear un usuario en el servidor principal para el usuario 8968,crear_usuario
ayudame a crear un usuario en el servidor de pruebas para el usuario 1101,crear_usuario
ayudame a crear un usuario en el servidor de ventas para el usuario 2342,crear_usuario
ayudame a crear un usuario en el servidor de ventas para el usuario 5356,crear_usuario
ayudame a crear un usuario en el servidor de pruebas para el usuario 3928,crear_usuario
ayudame a crear un usuario en el servidor principal para el usuario 3436,crear_usuario
ayudame a crear un usuario en el servidor principal para el usuario 5913,crear_usuario
ayudame a crear un usuario en el servidor de pruebas para el usuario 1684,crear_usuario
porfavor crea un usuario en el servidor de pruebas para el usuario 3423,crear_usuario
porfavor crea un usuario en el servidor de desarrollo para el usuario 7001,crear_usuario
porfavor crea un usuario en el servidor de pruebas para el usuario 1473,crear_usuario
porfavor crea un usuario en el servidor principal para el usuario 5006,crear_usuario
porfavor crea un usuario en el servidor de pruebas para el usuario 5307,crear_usuario
porfavor crea un usuario en el servidor de desarrollo para el usuario 3826,crear_usuario
porfavor crea un usuario en el servidor de ventas para el usuario 1903,crear_usuario
porfavor crea un usuario en el servidor de pruebas para el usuario 3767,crear_usuario
porfavor crea un usuario en el servidor de desarrollo para el usuario 4733,crear_usuario
porfavor crea un usuario en el servidor de ventas para el usuario 8809,crear_usuario
porfavor crea un usuario en el servidor de desarrollo para el usuario 4909,crear_usuario
porfavor crea un usuario en el servidor de desarrollo para el usuario 7707,crear_usuario
porfavor crea un usuario en el servidor de desarrollo para el usuario 9556,crear_usuario
porfavor crea un usuario en el servidor de desarrollo para el usuario 9864,crear_usuario
porfavor crea un usuario en el servidor de pruebas para el usuario 6784,crear_usuario
porfavor crea un usuario en el servidor de desarrollo para el usuario 4152,crear_usuario
porfavor crea un usuario en el servidor de desarrollo para el usuario 1301,crear_usuario
porfavor crea un usuario en el servidor principal para el usuario 2766,crear_usuario
porfavor crea un usuario en el servidor principal para el usuario 6214,crear_usuario
porfavor crea un usuario en el servidor de desarrollo para el usuario 9910,crear_usuario
porfavor crea un usuario en el servidor de desarrollo para el usuario 9483,crear_usuario
porfavor crea un usuario en el servidor de desarrollo para el usuario 6894,crear_usuario
porfavor crea un usuario en el servidor de ventas para el usuario 3785,crear_usuario
porfavor crea un usuario en el servidor de pruebas para el usuario 9033,crear_usuario
porfavor crea un usuario en el servidor de pruebas para el usuario 4490,crear_usuario
porfavor crea un usuario en el servidor principal para el usuario 7106,crear_usuario
porfavor crea un usuario en el servidor principal para el usuario 1918,crear_usuario
porfavor crea un usuario en el servidor de pruebas para el usuario 8279,crear_usuario
porfavor crea un usuario en el servidor de pruebas para el usuario 8668,crear_usuario
porfavor crea un usuario en el servidor de desarrollo para el usuario 6818,crear_usuario
porfavor crea un usuario en el servidor de ventas para el usuario 3008,crear_usuario
porfavor crea un usuario en el servidor de desarrollo para el usuario 9214,crear_usuario
porfavor crea un usuario en el servidor de desarrollo para el usuario 5398,crear_usuario
porfavor crea un usuario en el servidor principal para el usuario 9683,crear_usuario
porfavor crea un usuario en el servidor de pruebas para el usuario 9223,crear_usuario
porfavor crea un usuario en el servidor de pruebas para el usuario 7356,crear_usuario
porfavor crea un usuario en el servidor principal para el usuario 6384,crear_usuario
porfavor crea un usuario en el servidor de pruebas para el usuario 2596,crear_usuario
porfavor crea un usuario en el servidor de ventas para el usuario 6721,crear_usuario
porfavor crea un usuario en el servidor de pruebas para el usuario 1491,crear_usuario
porfavor crea un usuario en el servidor de desarrollo para el usuario 5074,crear_usuario
porfavor crea un usuario en el servidor de ventas para el usuario 9045,crear_usuario
porfavor crea un usuario en el servidor principal para el usuario 5333,crear_usuario
porfavor crea un usuario en el servidor de desarrollo para el usuario 3994,crear_usuario
porfavor crea un usuario en el servidor de desarrollo para el usuario 9050,crear_usuario
porfavor crea un usuario en el servidor de pruebas para el usuario 8453,crear_usuario
porfavor crea un usuario en el servidor principal para el usuario 9542,crear_usuario
porfavor crea un usuario en el servidor principal para el usuario 1644,crear_usuario
porfavor crea un usuario en el servidor de ventas para el usuario 9373,crear_usuario
porfavor crea un usuario en el servidor de ventas para el usuario 2004,crear_usuario
porfavor crea un acceso para el usuario 8510 en el servidor de desarrollo,crear_usuario
porfavor crea un acceso para el usuario 3055 en el servidor de pruebas,crear_usuario
porfavor crea un acceso para el usuario 7783 en el servidor de pruebas,crear_usuario
porfavor crea un acceso para el usuario 6711 en el servidor de desarrollo,crear_usuario
porfavor crea un acceso para el usuario 7914 en el servidor principal,crear_usuario
porfavor crea un acceso para el usuario 7656 en el servidor de ventas,crear_usuario
porfavor crea un acceso para el usuario 3617 en el servidor de desarrollo,crear_usuario
porfavor crea un acceso para el usuario 6400 en el servidor principal,crear_usuario
porfavor crea un acceso para el usuario 7819 en el servidor de desarrollo,crear_usuario
porfavor crea un acceso para el usuario 4672 en el servidor de desarrollo,crear_usuario
porfavor crea un acceso para el usuario 8072 en el servidor de desarrollo,crear_usuario
porfavor crea un acceso para el usuario 6644 en el servidor de pruebas,crear_usuario
porfavor crea un acceso para el usuario 9413 en el servidor de desarrollo,crear_usuario
porfavor crea un acceso para el usuario 7017 en el servidor principal,crear_usuario
porfavor crea un acceso para el usuario 7800 en el servidor de desarrollo,crear_usuario
porfavor crea un acceso para el usuario 5151 en el servidor de desarrollo,crear_usuario
porfavor crea un acceso para el usuario 4131 en el servidor de pruebas,crear_usuario
porfavor crea un acceso para el usuario 2594 en el servidor de desarrollo,crear_usuario
porfavor crea un acceso para el usuario 9855 en el servidor de pruebas,crear_usuario
porfavor crea un acceso para el usuario 1471 en el servidor de desarrollo,crear_usuario
porfavor crea un acceso para el usuario 4502 en el servidor de pruebas,crear_usuario
porfavor crea un acceso para el usuario 6016 en el servidor de ventas,crear_usuario
porfavor crea un acceso para el usuario 9853 en el servidor principal,crear_usuario
porfavor crea un acceso para el usuario 8730 en el servidor de pruebas,crear_usuario
porfavor crea un acceso para el usuario 1586 en el servidor principal,crear_usuario
porfavor crea un acceso para el usuario 4912 en el servidor de pruebas,crear_usuario
porfavor crea un acceso para el usuario 2119 en el servidor principal,crear_usuario
porfavor crea un acceso para el usuario 2997 en el servidor de desarrollo,crear_usuario
porfavor crea un acceso para el usuario 2868 en el servidor de desarrollo,crear_usuario
porfavor crea un acceso para el usuario 8298 en el servidor de pruebas,crear_usuario
porfavor crea un acceso para el usuario 3348 en el servidor de desarrollo,crear_usuario
porfavor crea un acceso para el usuario 8507 en el servidor principal,crear_usuario
porfavor crea un acceso para el usuario 1525 en el servidor de desarrollo,crear_usuario
porfavor crea un acceso para el usuario 4371 en el servidor de desarrollo,crear_usuario
porfavor crea un acceso para el usuario 8272 en el servidor de desarrollo,crear_usuario
porfavor crea un acceso para el usuario 7444 en el servidor de pruebas,crear_usuario
porfavor crea un acceso para el usuario 7070 en el servidor principal,crear_usuario
porfavor crea un acceso para el usuario 5261 en el servidor de pruebas,crear_usuario
porfavor crea un acceso para el usuario 3460 en el servidor de pruebas,crear_usuario
porfavor crea un acceso para el usuario 1379 en el servidor principal,crear_usuario
porfavor crea un acceso para el usuario 2946 en el servidor principal,crear_usuario
porfavor crea un acceso para el usuario 8756 en el servidor de pruebas,crear_usuario
porfavor crea un acceso para el usuario 4652 en el servidor principal,crear_usuario
porfavor crea un acceso para el usuario 2102 en el servidor principal,crear_usuario
porfavor crea un acceso para el usuario 7749 en el servidor de desarrollo,crear_usuario
porfavor crea un acceso para el usuario 6366 en el servidor de ventas,crear_usuario
porfavor crea un acceso para el usuario 2252 en el servidor de desarrollo,crear_usuario
porfavor crea un acceso para el usuario 8862 en el servidor de desarrollo,crear_usuario
porfavor crea un acceso para el usuario 3705 en el servidor de pruebas,crear_usuario
porfavor crea un acceso para el usuario 8339 en el servidor de ventas,crear_usuario
podrias crear un usuario en el servidor de pruebas para el usuario 1614,crear_usuario
podrias crear un usuario en el servidor principal para el usuario 2383,crear_usuario
podrias crear un usuario en el servidor principal para el usuario 5672,crear_usuario
podrias crear un usuario en el servidor de ventas para el usuario 3836,crear_usuario
podrias crear un usuario en el servidor de desarrollo para el usuario 5299,crear_usuario
podrias crear un usuario en el servidor de ventas para el usuario 9814,crear_usuario
podrias crear un usuario en el servidor de pruebas para el usuario 4527,crear_usuario
podrias crear un usuario en el servidor de ventas para el usuario 4974,crear_usuario
podrias crear un usuario en el servidor principal para el usuario 4669,crear_usuario
podrias crear un usuario en el servidor principal para el usuario 3140,crear_usuario
podrias crear un usuario en el servidor de ventas para el usuario 4455,crear_usuario
podrias crear un usuario en el servidor de ventas para el usuario 8254,crear_usuario
podrias crear un usuario en el servidor de ventas para el usuario 2680,crear_usuario
podrias crear un usuario en el servidor de ventas para el usuario 9619,crear_usuario
podrias crear un usuario en el servidor de pruebas para el usuario 4684,crear_usuario
podrias crear un usuario en el servidor principal para el usuario 7271,crear_usuario
podrias crear un usuario en el servidor principal para el usuario 8981,crear_usuario
podrias crear un usuario en el servidor de ventas para el usuario 4083,crear_usuario
podrias crear un usuario en el servidor de ventas para el usuario 1360,crear_usuario
podrias crear un usuario en el servidor de ventas para el usuario 5225,crear_usuario
podrias crear un usuario en el servidor principal para el usuario 2854,crear_usuario
podrias crear un usuario en el servidor de pruebas para el usuario 2209,crear_usuario
podrias crear un usuario en el servidor de pruebas para el usuario 1440,crear_usuario
podrias crear un usuario en el servidor principal para el usuario 6400,crear_usuario
podrias crear un usuario en el servidor de pruebas para el usuario 3876,crear_usuario
podrias crear un usuario en el servidor de ventas para el usuario 9868,crear_usuario
podrias crear un usuario en el servidor de desarrollo para el usuario 4797,crear_usuario
podrias crear un usuario en el servidor de desarrollo para el usuario 2284,crear_usuario
podrias crear un usuario en el servidor principal para el usuario 7317,crear_usuario
podrias crear un usuario en el servidor de desarrollo para el usuario 8455,crear_usuario
podrias crear un usuario en el servidor principal para el usuario 1912,crear_usuario
podrias crear un usuario en el servidor de pruebas para el usuario 2038,crear_usuario
podrias crear un usuario en el servidor de pruebas para el usuario 8397,crear_usuario
podrias crear un usuario en el servidor de pruebas para el usuario 7479,crear_usuario
podrias crear un usuario en el servidor de ventas para el usuario 2021,crear_usuario
podrias crear un usuario en el servidor de ventas para el usuario 6204,crear_usuario
podrias crear un usuario en el servidor principal para el usuario 8497,crear_usuario
podrias crear un usuario en el servidor principal para el usuario 3851,crear_usuario
podrias crear un usuario en el servidor principal para el usuario 4805,crear_usuario
podrias crear un usuario en el servidor de ventas para el usuario 7672,crear_usuario
podrias crear un usuario en el servidor principal para el usuario 8529,crear_usuario
podrias crear un usuario en el servidor de pruebas para el usuario 1550,crear_usuario
podrias crear un usuario en el servidor de desarrollo para el usuario 4015,crear_usuario
podrias crear un usuario en el servidor de pruebas para el usuario 7949,crear_usuario
podrias crear un usuario en el servidor de desarrollo para el usuario 8436,crear_usuario
podrias crear un usuario en el servidor de ventas para el usuario 7877,crear_usuario
podrias crear un usuario en el servidor principal para el usuario 3703,crear_usuario
podrias crear un usuario en el servidor de desarrollo para el usuario 6169,crear_usuario
podrias crear un usuario en el servidor de desarrollo para el usuario 1569,crear_usuario
podrias crear un usuario en el servidor de ventas para el usuario 9307,crear_usuario
podrias crear un acceso para el usuario 4072 en el servidor de desarrollo,crear_usuario
podrias crear un acceso para el usuario 2943 en el servidor de desarrollo,crear_usuario
podrias crear un acceso para el usuario 5405 en el servidor de ventas,crear_usuario
podrias crear un acceso para el usuario 8062 en el servidor de desarrollo,crear_usuario
podrias crear un acceso para el usuario 9513 en el servidor principal,crear_usuario
podrias crear un acceso para el usuario 4435 en el servidor de pruebas,crear_usuario
podrias crear un acceso para el usuario 7814 en el servidor de desarrollo,crear_usuario
podrias crear un acceso para el usuario 8348 en el servidor de pruebas,crear_usuario
podrias crear un acceso para el usuario 6476 en el servidor de pruebas,crear_usuario
podrias crear un acceso para el usuario 1816 en el servidor de pruebas,crear_usuario
podrias crear un acceso para el usuario 2688 en el servidor de desarrollo,crear_usuario
podrias crear un acceso para el usuario 8924 en el servidor de ventas,crear_usuario
podrias crear un acceso para el usuario 4604 en el servidor de pruebas,crear_usuario
podrias crear un acceso para el usuario 2703 en el servidor de ventas,crear_usuario
podrias crear un acceso para el usuario 8546 en el servidor de pruebas,crear_usuario
podrias crear un acceso para el usuario 3095 en el servidor de desarrollo,crear_usuario
podrias crear un acceso para el usuario 9420 en el servidor de desarrollo,crear_usuario
podrias crear un acceso para el usuario 1636 en el servidor de pruebas,crear_usuario
podrias crear un acceso para el usuario 2354 en el servidor principal,crear_usuario
podrias crear un acceso para el usuario 7251 en el servidor principal,crear_usuario
podrias crear un acceso para el usuario 4493 en el servidor principal,crear_usuario
podrias crear un acceso para el usuario 2697 en el servidor de desarrollo,crear_usuario
podrias crear un acceso para el usuario 1506 en el servidor de desarrollo,crear_usuario
podrias crear un acceso para el usuario 2327 en el servidor de desarrollo,crear_usuario
podrias crear un acceso para el usuario 2938 en el servidor de ventas,crear_usuario
podrias crear un acceso para el usuario 8734 en el servidor de pruebas,crear_usuario
podrias crear un acceso para el usuario 6046 en el servidor de desarrollo,crear_usuario
podrias crear un acceso para el usuario 1734 en el servidor principal,crear_usuario
podrias crear un acceso para el usuario 9606 en el servidor principal,crear_usuario
podrias crear un acceso para el usuario 9691 en el servidor principal,crear_usuario
podrias crear un acceso para el usuario 3051 en el servidor de desarrollo,crear_usuario
podrias crear un acceso para el usuario 1633 en el servidor de pruebas,crear_usuario
podrias crear un acceso para el usuario 9084 en el servidor principal,crear_usuario
podrias crear un acceso para el usuario 8085 en el servidor de pruebas,crear_usuario
podrias crear un acceso para el usuario 4755 en el servidor de ventas,crear_usuario
podrias crear un acceso para el usuario 2503 en el servidor de pruebas,crear_usuario
podrias crear un acceso para el usuario 1683 en el servidor principal,crear_usuario
podrias crear un acceso para el usuario 8841 en el servidor de desarrollo,crear_usuario
podrias crear un acceso para el usuario 1589 en el servidor de ventas,crear_usuario
podrias crear un acceso para el usuario 1845 en el servidor de ventas,crear_usuario
podrias crear un acceso para el usuario 4533 en el servidor de ventas,crear_usuario
podrias crear un acceso para el usuario 7555 en el servidor principal,crear_usuario
podrias crear un acceso para el usuario 3046 en el servidor de ventas,crear_usuario
podrias crear un acceso para el usuario 6378 en el servidor principal,crear_usuario
podrias crear un acceso para el usuario 8183 en el servidor principal,crear_usuario
podrias crear un acceso para el usuario 4689 en el servidor de desarrollo,crear_usuario
podrias crear un acceso para el usuario 8784 en el servidor de pruebas,crear_usuario
podrias crear un acceso para el usuario 9507 en el servidor de desarrollo,crear_usuario
podrias crear un acceso para el usuario 2987 en el servidor de desarrollo,crear_usuario
podrias crear un acceso para el usuario 5626 en el servidor de pruebas,crear_usuario
ayudame a crewar un usuario en el servidor de ventas para el usuario 9641,crear_usuario
ayudame a crewar un usuario en el servidor de desarrollo para el usuario 6398,crear_usuario
ayudame a crewar un usuario en el servidor de pruebas para el usuario 7385,crear_usuario
ayudame a crewar un usuario en el servidor principal para el usuario 5766,crear_usuario
ayudame a crewar un usuario en el servidor de desarrollo para el usuario 5844,crear_usuario
ayudame a crewar un usuario en el servidor de desarrollo para el usuario 2793,crear_usuario
ayudame a crewar un usuario en el servidor de pruebas para el usuario 6527,crear_usuario
ayudame a crewar un usuario en el servidor de ventas para el usuario 4624,crear_usuario
ayudame a crewar un usuario en el servidor principal para el usuario 3614,crear_usuario
ayudame a crewar un usuario en el servidor principal para el usuario 7853,crear_usuario
ayudame a crewar un usuario en el servidor de desarrollo para el usuario 2335,crear_usuario
ayudame a crewar un usuario en el servidor principal para el usuario 4657,crear_usuario
ayudame a crewar un usuario en el servidor de pruebas para el usuario 9197,crear_usuario
ayudame a crewar un usuario en el servidor de pruebas para el usuario 9320,crear_usuario
ayudame a crewar un usuario en el servidor de desarrollo para el usuario 2486,crear_usuario
ayudame a crewar un usuario en el servidor de ventas para el usuario 2839,crear_usuario
ayudame a crewar un usuario en el servidor principal para el usuario 2318,crear_usuario
ayudame a crewar un usuario en el servidor de pruebas para el usuario 3004,crear_usuario
ayudame a crewar un usuario en el servidor principal para el usuario 3621,crear_usuario
ayudame a crewar un usuario en el servidor principal para el usuario 3846,crear_usuario
ayudame a crewar un usuario en el servidor principal para el usuario 7256,crear_usuario
ayudame a crewar un usuario en el servidor de ventas para el usuario 4725,crear_usuario
ayudame a crewar un usuario en el servidor de ventas para el usuario 9485,crear_usuario
ayudame a crewar un usuario en el servidor de desarrollo para el usuario 8936,crear_usuario
ayudame a crewar un usuario en el servidor de pruebas para el usuario 1699,crear_usuario
ayudame a crewar un usuario en el servidor de pruebas para el usuario 4003,crear_usuario
ayudame a crewar un usuario en el servidor de ventas para el usuario 3572,crear_usuario
ayudame a crewar un usuario en el servidor de pruebas para el usuario 5916,crear_usuario
ayudame a crewar un usuario en el servidor principal para el usuario 9626,crear_usuario
ayudame a crewar un usuario en el servidor de pruebas para el usuario 5905,crear_usuario
ayudame a crewar un usuario en el servidor de ventas para el usuario 1841,crear_usuario
ayudame a crewar un usuario en el servidor de pruebas para el usuario 3786,crear_usuario
ayudame a crewar un usuario en el servidor principal para el usuario 3890,crear_usuario
ayudame a crewar un usuario en el servidor de desarrollo para el usuario 9790,crear_usuario
ayudame a crewar un usuario en el servidor principal para el usuario 1113,crear_usuario
ayudame a crewar un usuario en el servidor de desarrollo para el usuario 7201,crear_usuario
ayudame a crewar un usuario en el servidor principal para el usuario 3897,crear_usuario
ayudame a crewar un usuario en el servidor principal para el usuario 6177,crear_usuario
ayudame a crewar un usuario en el servidor de desarrollo para el usuario 2778,crear_usuario
ayudame a crewar un usuario en el servidor de ventas para el usuario 3876,crear_usuario
ayudame a crewar un usuario en el servidor de ventas para el usuario 9868,crear_usuario
ayudame a crewar un usuario en el servidor principal para el usuario 2288,crear_usuario
ayudame a crewar un usuario en el servidor de desarrollo para el usuario 1919,crear_usuario
ayudame a crewar un usuario en el servidor de pruebas para el usuario 7802,crear_usuario
ayudame a crewar un usuario en el servidor de ventas para el usuario 5454,crear_usuario
ayudame a crewar un usuario en el servidor de desarrollo para el usuario 9056,crear_usuario
ayudame a crewar un usuario en el servidor de pruebas para el usuario 6484,crear_usuario
ayudame a crewar un usuario en el servidor de desarrollo para el usuario 2536,crear_usuario
ayudame a crewar un usuario en el servidor de desarrollo para el usuario 5666,crear_usuario
ayudame a crewar un usuario en el servidor de desarrollo para el usuario 4471,crear_usuario
ayudame a crear un acceso para el usuario 9058 en el servidor de desarrollo,crear_usuario
ayudame a crear un acceso para el usuario 6087 en el servidor de pruebas,crear_usuario
ayudame a crear un acceso para el usuario 2889 en el servidor principal,crear_usuario
ayudame a crear un acceso para el usuario 6573 en el servidor de pruebas,crear_usuario
ayudame a crear un acceso para el usuario 9220 en el servidor de pruebas,crear_usuario
ayudame a crear un acceso para el usuario 8968 en el servidor de pruebas,crear_usuario
ayudame a crear un acceso para el usuario 9166 en el servidor de pruebas,crear_usuario
ayudame a crear un acceso para el usuario 6576 en el servidor de pruebas,crear_usuario
ayudame a crear un acceso para el usuario 2014 en el servidor de ventas,crear_usuario
ayudame a crear un acceso para el usuario 9496 en el servidor principal,crear_usuario
ayudame a crear un acceso para el usuario 1210 en el servidor de desarrollo,crear_usuario
ayudame a crear un acceso para el usuario 1346 en el servidor de desarrollo,crear_usuario
ayudame a crear un acceso para el usuario 3214 en el servidor de pruebas,crear_usuario
ayudame a crear un acceso para el usuario 9310 en el servidor de pruebas,crear_usuario
ayudame a crear un acceso para el usuario 5443 en el servidor de ventas,crear_usuario
ayudame a crear un acceso para el usuario 5858 en el servidor de pruebas,crear_usuario
ayudame a crear un acceso para el usuario 6494 en el servidor principal,crear_usuario
ayudame a crear un acceso para el usuario 6585 en el servidor de desarrollo,crear_usuario
ayudame a crear un acceso para el usuario 2036 en el servidor de desarrollo,crear_usuario
ayudame a crear un acceso para el usuario 8799 en el servidor de ventas,crear_usuario
ayudame a crear un acceso para el usuario 4319 en el servidor de desarrollo,crear_usuario
ayudame a crear un acceso para el usuario 2547 en el servidor de ventas,crear_usuario
ayudame a crear un acceso para el usuario 7273 en el servidor principal,crear_usuario
ayudame a crear un acceso para el usuario 1669 en el servidor de ventas,crear_usuario
ayudame a crear un acceso para el usuario 4355 en el servidor de desarrollo,crear_usuario
ayudame a crear un acceso para el usuario 6096 en el servidor de desarrollo,crear_usuario
ayudame a crear un acceso para el usuario 1802 en el servidor de desarrollo,crear_usuario
ayudame a crear un acceso para el usuario 8495 en el servidor principal,crear_usuario
ayudame a crear un acceso para el usuario 8575 en el servidor de ventas,crear_usuario
ayudame a crear un acceso para el usuario 2811 en el servidor de ventas,crear_usuario
ayudame a crear un acceso para el usuario 7277 en el servidor principal,crear_usuario
ayudame a crear un acceso para el usuario 9183 en el servidor de desarrollo,crear_usuario
ayudame a crear un acceso para el usuario 1581 en el servidor de pruebas,crear_usuario
ayudame a crear un acceso para el usuario 9504 en el servidor de ventas,crear_usuario
ayudame a crear un acceso para el usuario 5051 en el servidor de ventas,crear_usuario
ayudame a crear un acceso para el usuario 3623 en el servidor de pruebas,crear_usuario
ayudame a crear un acceso para el usuario 1646 en el servidor de ventas,crear_usuario
ayudame a crear un acceso para el usuario 9734 en el servidor de desarrollo,crear_usuario
ayudame a crear un acceso para el usuario 4311 en el servidor de pruebas,crear_usuario
ayudame a crear un acceso para el usuario 6403 en el servidor de pruebas,crear_usuario
ayudame a crear un acceso para el usuario 4151 en el servidor principal,crear_usuario
ayudame a crear un acceso para el usuario 9609 en el servidor de ventas,crear_usuario
ayudame a crear un acceso para el usuario 1853 en el servidor principal,crear_usuario
ayudame a crear un acceso para el usuario 2740 en el servidor principal,crear_usuario
ayudame a crear un acceso para el usuario 2518 en el servidor de desarrollo,crear_usuario
ayudame a crear un acceso para el usuario 3231 en el servidor de desarrollo,crear_usuario
ayudame a crear un acceso para el usuario 5174 en el servidor principal,crear_usuario
ayudame a crear un acceso para el usuario 5033 en el servidor de ventas,crear_usuario
ayudame a crear un acceso para el usuario 3831 en el servidor de ventas,crear_usuario
ayudame a crear un acceso para el usuario 1840 en el servidor de ventas,crear_usuario
crear un acceso del servidor principal para el usuario 5286,crear_usuario
crear un acceso del servidor de desarrollo para el usuario 2960,crear_usuario
crear un acceso del servidor de desarrollo para el usuario 7157,crear_usuario
crear un acceso del servidor de desarrollo para el usuario 7124,crear_usuario
crear un acceso del servidor de desarrollo para el usuario 5351,crear_usuario
crear un acceso del servidor de pruebas para el usuario 8230,crear_usuario
crear un acceso del servidor principal para el usuario 2523,crear_usuario
crear un acceso del servidor de pruebas para el usuario 2591,crear_usuario
crear un acceso del servidor de desarrollo para el usuario 1040,crear_usuario
crear un acceso del servidor de ventas para el usuario 3957,crear_usuario
crear un acceso del servidor de pruebas para el usuario 4165,crear_usuario
crear un acceso del servidor de pruebas para el usuario 9859,crear_usuario
crear un acceso del servidor principal para el usuario 5420,crear_usuario
crear un acceso del servidor principal para el usuario 5005,crear_usuario
crear un acceso del servidor de pruebas para el usuario 2148,crear_usuario
crear un acceso del servidor de ventas para el usuario 6550,crear_usuario
crear un acceso del servidor principal para el usuario 1658,crear_usuario
crear un acceso del servidor de ventas para el usuario 9507,crear_usuario
crear un acceso del servidor de desarrollo para el usuario 6235,crear_usuario
crear un acceso del servidor de desarrollo para el usuario 4145,crear_usuario
crear un acceso del servidor de pruebas para el usuario 9719,crear_usuario
crear un acceso del servidor de desarrollo para el usuario 8822,crear_usuario
crear un acceso del servidor principal para el usuario 6440,crear_usuario
crear un acceso del servidor de pruebas para el usuario 3537,crear_usuario
crear un acceso del servidor de ventas para el usuario 9426,crear_usuario
crear un acceso del servidor de desarrollo para el usuario 6166,crear_usuario
crear un acceso del servidor de pruebas para el usuario 2095,crear_usuario
crear un acceso del servidor de desarrollo para el usuario 2218,crear_usuario
crear un acceso del servidor principal para el usuario 1968,crear_usuario
crear un acceso del servidor de desarrollo para el usuario 4641,crear_usuario
crear un acceso del servidor de desarrollo para el usuario 2588,crear_usuario
crear un acceso del servidor principal para el usuario 2128,crear_usuario
crear un acceso del servidor de ventas para el usuario 3381,crear_usuario
crear un acceso del servidor principal para el usuario 9966,crear_usuario
crear un acceso del servidor de desarrollo para el usuario 7401,crear_usuario
crear un acceso del servidor principal para el usuario 1215,crear_usuario
crear un acceso del servidor de desarrollo para el usuario 6864,crear_usuario
crear un acceso del servidor de ventas para el usuario 2416,crear_usuario
crear un acceso del servidor de desarrollo para el usuario 8400,crear_usuario
crear un acceso del servidor de pruebas para el usuario 8062,crear_usuario
crear un acceso del servidor de ventas para el usuario 5553,crear_usuario
crear un acceso del servidor principal para el usuario 6698,crear_usuario
crear un acceso del servidor de desarrollo para el usuario 6026,crear_usuario
crear un acceso del servidor de ventas para el usuario 6604,crear_usuario
crear un acceso del servidor principal para el usuario 8624,crear_usuario
crear un acceso del servidor de ventas para el usuario 9836,crear_usuario
crear un acceso del servidor de ventas para el usuario 1984,crear_usuario
crear un acceso del servidor de pruebas para el usuario 3257,crear_usuario
crear un acceso del servidor de desarrollo para el usuario 1984,crear_usuario
crear un acceso del servidor de desarrollo para el usuario 2559,crear_usuario
crear una cceso para el usuario 7483 en el servidor de pruebas,crear_usuario
crear una cceso para el usuario 6973 en el servidor de ventas,crear_usuario
crear una cceso para el usuario 5044 en el servidor principal,crear_usuario
crear una cceso para el usuario 3062 en el servidor de ventas,crear_usuario
crear una cceso para el usuario 5272 en el servidor principal,crear_usuario
crear una cceso para el usuario 6847 en el servidor de desarrollo,crear_usuario
crear una cceso para el usuario 8564 en el servidor de ventas,crear_usuario
crear una cceso para el usuario 5756 en el servidor de pruebas,crear_usuario
crear una cceso para el usuario 2775 en el servidor principal,crear_usuario
crear una cceso para el usuario 9537 en el servidor principal,crear_usuario
crear una cceso para el usuario 7816 en el servidor de desarrollo,crear_usuario
crear una cceso para el usuario 4476 en el servidor principal,crear_usuario
crear una cceso para el usuario 4089 en el servidor de desarrollo,crear_usuario
crear una cceso para el usuario 5468 en el servidor principal,crear_usuario
crear una cceso para el usuario 8805 en el servidor de ventas,crear_usuario
crear una cceso para el usuario 8526 en el servidor principal,crear_usuario
crear una cceso para el usuario 3492 en el servidor de desarrollo,crear_usuario
crear una cceso para el usuario 8580 en el servidor principal,crear_usuario
crear una cceso para el usuario 9706 en el servidor de pruebas,crear_usuario
crear una cceso para el usuario 1856 en el servidor de desarrollo,crear_usuario
crear una cceso para el usuario 9473 en el servidor principal,crear_usuario
crear una cceso para el usuario 1543 en el servidor de desarrollo,crear_usuario
crear una cceso para el usuario 4155 en el servidor de ventas,crear_usuario
crear una cceso para el usuario 9507 en el servidor de desarrollo,crear_usuario
crear una cceso para el usuario 5062 en el servidor principal,crear_usuario
crear una cceso para el usuario 5425 en el servidor de ventas,crear_usuario
crear una cceso para el usuario 1751 en el servidor de ventas,crear_usuario
crear una cceso para el usuario 4008 en el servidor de ventas,crear_usuario
crear una cceso para el usuario 7867 en el servidor principal,crear_usuario
crear una cceso para el usuario 4695 en el servidor principal,crear_usuario
crear una cceso para el usuario 8578 en el servidor principal,crear_usuario
crear una cceso para el usuario 3914 en el servidor principal,crear_usuario
crear una cceso para el usuario 6297 en el servidor de pruebas,crear_usuario
crear una cceso para el usuario 7137 en el servidor principal,crear_usuario
crear una cceso para el usuario 5208 en el servidor principal,crear_usuario
crear una cceso para el usuario 8912 en el servidor de ventas,crear_usuario
crear una cceso para el usuario 8230 en el servidor principal,crear_usuario
crear una cceso para el usuario 9638 en el servidor de ventas,crear_usuario
crear una cceso para el usuario 6037 en el servidor de desarrollo,crear_usuario
crear una cceso para el usuario 5267 en el servidor de pruebas,crear_usuario
crear una cceso para el usuario 2869 en el servidor de desarrollo,crear_usuario
crear una cceso para el usuario 9906 en el servidor de pruebas,crear_usuario
crear una cceso para el usuario 2335 en el servidor de pruebas,crear_usuario
crear una cceso para el usuario 2486 en el servidor de pruebas,crear_usuario
crear una cceso para el usuario 1712 en el servidor de desarrollo,crear_usuario
crear una cceso para el usuario 7407 en el servidor de pruebas,crear_usuario
crear una cceso para el usuario 2760 en el servidor principal,crear_usuario
crear una cceso para el usuario 2023 en el servidor de pruebas,crear_usuario
crear una cceso para el usuario 6076 en el servidor de desarrollo,crear_usuario
crear una cceso para el usuario 7477 en el servidor de ventas,crear_usuario
añadir un acceso para el usuario 8068 en el servidor de pruebas,crear_usuario
añadir un acceso para el usuario 7933 en el servidor de pruebas,crear_usuario
añadir un acceso para el usuario 9102 en el servidor de desarrollo,crear_usuario
añadir un acceso para el usuario 7313 en el servidor de desarrollo,crear_usuario
añadir un acceso para el usuario 8625 en el servidor de desarrollo,crear_usuario
añadir un acceso para el usuario 7575 en el servidor de pruebas,crear_usuario
añadir un acceso para el usuario 7774 en el servidor de pruebas,crear_usuario
añadir un acceso para el usuario 6522 en el servidor de ventas,crear_usuario
añadir un acceso para el usuario 6435 en el servidor principal,crear_usuario
añadir un acceso para el usuario 5004 en el servidor de ventas,crear_usuario
añadir un acceso para el usuario 9379 en el servidor de pruebas,crear_usuario
añadir un acceso para el usuario 9575 en el servidor principal,crear_usuario
añadir un acceso para el usuario 3945 en el servidor de ventas,crear_usuario
añadir un acceso para el usuario 7236 en el servidor de ventas,crear_usuario
añadir un acceso para el usuario 1768 en el servidor de pruebas,crear_usuario
añadir un acceso para el usuario 7100 en el servidor principal,crear_usuario
añadir un acceso para el usuario 1401 en el servidor principal,crear_usuario
añadir un acceso para el usuario 4583 en el servidor de ventas,crear_usuario
añadir un acceso para el usuario 4330 en el servidor de pruebas,crear_usuario
añadir un acceso para el usuario 1464 en el servidor principal,crear_usuario
añadir un acceso para el usuario 3439 en el servidor de pruebas,crear_usuario
añadir un acceso para el usuario 5393 en el servidor de desarrollo,crear_usuario
añadir un acceso para el usuario 9706 en el servidor principal,crear_usuario
añadir un acceso para el usuario 8000 en el servidor de ventas,crear_usuario
añadir un acceso para el usuario 7962 en el servidor principal,crear_usuario
añadir un acceso para el usuario 8694 en el servidor de pruebas,crear_usuario
añadir un acceso para el usuario 4256 en el servidor de desarrollo,crear_usuario
añadir un acceso para el usuario 2623 en el servidor principal,crear_usuario
añadir un acceso para el usuario 7979 en el servidor de ventas,crear_usuario
añadir un acceso para el usuario 2838 en el servidor principal,crear_usuario
añadir un acceso para el usuario 5643 en el servidor de pruebas,crear_usuario
añadir un acceso para el usuario 4754 en el servidor principal,crear_usuario
añadir un acceso para el usuario 3866 en el servidor de pruebas,crear_usuario
añadir un acceso para el usuario 8875 en el servidor principal,crear_usuario
añadir un acceso para el usuario 5632 en el servidor principal,crear_usuario
añadir un acceso para el usuario 1863 en el servidor de ventas,crear_usuario
añadir un acceso para el usuario 5053 en el servidor de pruebas,crear_usuario
añadir un acceso para el usuario 8040 en el servidor principal,crear_usuario
añadir un acceso para el usuario 2338 en el servidor de desarrollo,crear_usuario
añadir un acceso para el usuario 4366 en el servidor de pruebas,crear_usuario
añadir un acceso para el usuario 3203 en el servidor principal,crear_usuario
añadir un acceso para el usuario 4285 en el servidor de pruebas,crear_usuario
añadir un acceso para el usuario 9718 en el servidor principal,crear_usuario
añadir un acceso para el usuario 5399 en el servidor de desarrollo,crear_usuario
añadir un acceso para el usuario 1717 en el servidor de pruebas,crear_usuario
añadir un acceso para el usuario 5199 en el servidor de ventas,crear_usuario
añadir un acceso para el usuario 9972 en el servidor de pruebas,crear_usuario
añadir un acceso para el usuario 2220 en el servidor de pruebas,crear_usuario
añadir un acceso para el usuario 2024 en el servidor de desarrollo,crear_usuario
añadir un acceso para el usuario 5309 en el servidor principal,crear_usuario
añadir un usuario en el servidor de pruebas para el usuario 5469,crear_usuario
añadir un usuario en el servidor de ventas para el usuario 2324,crear_usuario
añadir un usuario en el servidor de ventas para el usuario 2901,crear_usuario
añadir un usuario en el servidor de pruebas para el usuario 2029,crear_usuario
añadir un usuario en el servidor de pruebas para el usuario 2519,crear_usuario
añadir un usuario en el servidor de ventas para el usuario 2528,crear_usuario
añadir un usuario en el servidor de pruebas para el usuario 2398,crear_usuario
añadir un usuario en el servidor de ventas para el usuario 3536,crear_usuario
añadir un usuario en el servidor de pruebas para el usuario 7351,crear_usuario
añadir un usuario en el servidor de ventas para el usuario 3317,crear_usuario
añadir un usuario en el servidor de pruebas para el usuario 4444,crear_usuario
añadir un usuario en el servidor de desarrollo para el usuario 6304,crear_usuario
añadir un usuario en el servidor principal para el usuario 4916,crear_usuario
añadir un usuario en el servidor de pruebas para el usuario 2546,crear_usuario
añadir un usuario en el servidor de ventas para el usuario 5018,crear_usuario
añadir un usuario en el servidor de pruebas para el usuario 4864,crear_usuario
añadir un usuario en el servidor de desarrollo para el usuario 8688,crear_usuario
añadir un usuario en el servidor de desarrollo para el usuario 3348,crear_usuario
añadir un usuario en el servidor de desarrollo para el usuario 2140,crear_usuario
añadir un usuario en el servidor principal para el usuario 9352,crear_usuario
añadir un usuario en el servidor de desarrollo para el usuario 1737,crear_usuario
añadir un usuario en el servidor de pruebas para el usuario 1007,crear_usuario
añadir un usuario en el servidor de pruebas para el usuario 3410,crear_usuario
añadir un usuario en el servidor de desarrollo para el usuario 5171,crear_usuario
añadir un usuario en el servidor de ventas para el usuario 3093,crear_usuario
añadir un usuario en el servidor de ventas para el usuario 6923,crear_usuario
añadir un usuario en el servidor de desarrollo para el usuario 4673,crear_usuario
añadir un usuario en el servidor principal para el usuario 7947,crear_usuario
añadir un usuario en el servidor de pruebas para el usuario 7191,crear_usuario
añadir un usuario en el servidor de pruebas para el usuario 2562,crear_usuario
añadir un usuario en el servidor de pruebas para el usuario 3008,crear_usuario
añadir un usuario en el servidor de desarrollo para el usuario 8632,crear_usuario
añadir un usuario en el servidor de ventas para el usuario 4530,crear_usuario
añadir un usuario en el servidor principal para el usuario 2868,crear_usuario
añadir un usuario en el servidor de pruebas para el usuario 7390,crear_usuario
añadir un usuario en el servidor de pruebas para el usuario 5495,crear_usuario
añadir un usuario en el servidor principal para el usuario 1798,crear_usuario
añadir un usuario en el servidor principal para el usuario 3251,crear_usuario
añadir un usuario en el servidor de pruebas para el usuario 7355,crear_usuario
añadir un usuario en el servidor de desarrollo para el usuario 5666,crear_usuario
añadir un usuario en el servidor de pruebas para el usuario 8510,crear_usuario
añadir un usuario en el servidor principal para el usuario 1354,crear_usuario
añadir un usuario en el servidor de desarrollo para el usuario 5369,crear_usuario
añadir un usuario en el servidor de desarrollo para el usuario 3553,crear_usuario
añadir un usuario en el servidor de desarrollo para el usuario 7335,crear_usuario
añadir un usuario en el servidor principal para el usuario 1066,crear_usuario
añadir un usuario en el servidor principal para el usuario 8168,crear_usuario
añadir un usuario en el servidor de pruebas para el usuario 7274,crear_usuario
añadir un usuario en el servidor de ventas para el usuario 4611,crear_usuario
añadir un usuario en el servidor de desarrollo para el usuario 2334,crear_usuario
registrar un usuario en el servidor principal para el usuario 6845,crear_usuario
registrar un usuario en el servidor de desarrollo para el usuario 3831,crear_usuario
registrar un usuario en el servidor de ventas para el usuario 9387,crear_usuario
registrar un usuario en el servidor principal para el usuario 6426,crear_usuario
registrar un usuario en el servidor principal para el usuario 2722,crear_usuario
registrar un usuario en el servidor de desarrollo para el usuario 6505,crear_usuario
registrar un usuario en el servidor principal para el usuario 8950,crear_usuario
registrar un usuario en el servidor de desarrollo para el usuario 2629,crear_usuario
registrar un usuario en el servidor principal para el usuario 9068,crear_usuario
registrar un usuario en el servidor de desarrollo para el usuario 9480,crear_usuario
registrar un usuario en el servidor de ventas para el usuario 3479,crear_usuario
registrar un usuario en el servidor principal para el usuario 1250,crear_usuario
registrar un usuario en el servidor principal para el usuario 7687,crear_usuario
registrar un usuario en el servidor de pruebas para el usuario 5263,crear_usuario
registrar un usuario en el servidor de pruebas para el usuario 5626,crear_usuario
registrar un usuario en el servidor de pruebas para el usuario 6447,crear_usuario
registrar un usuario en el servidor de desarrollo para el usuario 7616,crear_usuario
registrar un usuario en el servidor principal para el usuario 5116,crear_usuario
registrar un usuario en el servidor de desarrollo para el usuario 4889,crear_usuario
registrar un usuario en el servidor principal para el usuario 6033,crear_usuario
registrar un usuario en el servidor principal para el usuario 6796,crear_usuario
registrar un usuario en el servidor de pruebas para el usuario 1651,crear_usuario
registrar un usuario en el servidor de desarrollo para el usuario 8045,crear_usuario
registrar un usuario en el servidor de desarrollo para el usuario 5469,crear_usuario
registrar un usuario en el servidor de ventas para el usuario 2630,crear_usuario
registrar un usuario en el servidor de ventas para el usuario 7268,crear_usuario
registrar un usuario en el servidor de ventas para el usuario 3418,crear_usuario
registrar un usuario en el servidor de ventas para el usuario 9843,crear_usuario
registrar un usuario en el servidor de pruebas para el usuario 4351,crear_usuario
registrar un usuario en el servidor de desarrollo para el usuario 8600,crear_usuario
registrar un usuario en el servidor de desarrollo para el usuario 5263,crear_usuario
registrar un usuario en el servidor de pruebas para el usuario 1346,crear_usuario
registrar un usuario en el servidor de desarrollo para el usuario 2575,crear_usuario
registrar un usuario en el servidor de pruebas para el usuario 2260,crear_usuario
registrar un usuario en el servidor de desarrollo para el usuario 3376,crear_usuario
registrar un usuario en el servidor de ventas para el usuario 7331,crear_usuario
registrar un usuario en el servidor de pruebas para el usuario 7747,crear_usuario
registrar un usuario en el servidor de desarrollo para el usuario 5443,crear_usuario
registrar un usuario en el servidor de pruebas para el usuario 9456,crear_usuario
registrar un usuario en el servidor principal para el usuario 8040,crear_usuario
registrar un usuario en el servidor de ventas para el usuario 5042,crear_usuario
registrar un usuario en el servidor de desarrollo para el usuario 9474,crear_usuario
registrar un usuario en el servidor de ventas para el usuario 6293,crear_usuario
registrar un usuario en el servidor de ventas para el usuario 7230,crear_usuario
registrar un usuario en el servidor de desarrollo para el usuario 9374,crear_usuario
registrar un usuario en el servidor de ventas para el usuario 3677,crear_usuario
registrar un usuario en el servidor de pruebas para el usuario 2892,crear_usuario
registrar un usuario en el servidor de desarrollo para el usuario 4789,crear_usuario
registrar un usuario en el servidor de ventas para el usuario 9134,crear_usuario
registrar un usuario en el servidor principal para el usuario 8385,crear_usuario
registrar un acceso para el usuario 5272 en el servidor de pruebas,crear_usuario
registrar un acceso para el usuario 6957 en el servidor principal,crear_usuario
registrar un acceso para el usuario 5971 en el servidor de pruebas,crear_usuario
registrar un acceso para el usuario 9285 en el servidor de pruebas,crear_usuario
registrar un acceso para el usuario 3210 en el servidor de pruebas,crear_usuario
registrar un acceso para el usuario 6389 en el servidor principal,crear_usuario
registrar un acceso para el usuario 6448 en el servidor principal,crear_usuario
registrar un acceso para el usuario 2488 en el servidor de pruebas,crear_usuario
registrar un acceso para el usuario 6182 en el servidor de desarrollo,crear_usuario
registrar un acceso para el usuario 2113 en el servidor de ventas,crear_usuario
registrar un acceso para el usuario 7467 en el servidor de ventas,crear_usuario
registrar un acceso para el usuario 4127 en el servidor principal,crear_usuario
registrar un acceso para el usuario 9763 en el servidor de pruebas,crear_usuario
registrar un acceso para el usuario 7100 en el servidor de desarrollo,crear_usuario
registrar un acceso para el usuario 7728 en el servidor principal,crear_usuario
registrar un acceso para el usuario 8467 en el servidor de pruebas,crear_usuario
registrar un acceso para el usuario 4679 en el servidor de ventas,crear_usuario
registrar un acceso para el usuario 3778 en el servidor principal,crear_usuario
registrar un acceso para el usuario 5280 en el servidor de desarrollo,crear_usuario
registrar un acceso para el usuario 3463 en el servidor de ventas,crear_usuario
registrar un acceso para el usuario 4386 en el servidor de pruebas,crear_usuario
registrar un acceso para el usuario 1774 en el servidor de pruebas,crear_usuario
registrar un acceso para el usuario 4457 en el servidor de pruebas,crear_usuario
registrar un acceso para el usuario 3196 en el servidor principal,crear_usuario
registrar un acceso para el usuario 8725 en el servidor principal,crear_usuario
registrar un acceso para el usuario 8844 en el servidor de pruebas,crear_usuario
registrar un acceso para el usuario 8892 en el servidor de pruebas,crear_usuario
registrar un acceso para el usuario 4308 en el servidor de desarrollo,crear_usuario
registrar un acceso para el usuario 1115 en el servidor de ventas,crear_usuario
registrar un acceso para el usuario 4280 en el servidor principal,crear_usuario
registrar un acceso para el usuario 4546 en el servidor de ventas,crear_usuario
registrar un acceso para el usuario 6999 en el servidor de ventas,crear_usuario
registrar un acceso para el usuario 7021 en el servidor de pruebas,crear_usuario
registrar un acceso para el usuario 9072 en el servidor de pruebas,crear_usuario
registrar un acceso para el usuario 9239 en el servidor principal,crear_usuario
registrar un acceso para el usuario 7379 en el servidor de pruebas,crear_usuario
registrar un acceso para el usuario 3387 en el servidor principal,crear_usuario
registrar un acceso para el usuario 6254 en el servidor de desarrollo,crear_usuario
registrar un acceso para el usuario 8122 en el servidor principal,crear_usuario
registrar un acceso para el usuario 3989 en el servidor de desarrollo,crear_usuario
registrar un acceso para el usuario 9970 en el servidor de desarrollo,crear_usuario
registrar un acceso para el usuario 6210 en el servidor de pruebas,crear_usuario
registrar un acceso para el usuario 9817 en el servidor de pruebas,crear_usuario
registrar un acceso para el usuario 9124 en el servidor de pruebas,crear_usuario
registrar un acceso para el usuario 8585 en el servidor de ventas,crear_usuario
registrar un acceso para el usuario 8383 en el servidor principal,crear_usuario
registrar un acceso para el usuario 1176 en el servidor de ventas,crear_usuario
registrar un acceso para el usuario 2381 en el servidor principal,crear_usuario
registrar un acceso para el usuario 1002 en el servidor de pruebas,crear_usuario
registrar un acceso para el usuario 8842 en el servidor de ventas,crear_usuario
Necesito crear un acceso nuevo para servidor de desarrollo,crear_usuario
Necesito crear un acceso nuevo para servidor de ventas,crear_usuario
Necesito crear un acceso nuevo para servidor de pruebas,crear_usuario
Necesito crear un acceso nuevo para servidor principal,crear_usuario
Necesito crear un acceso nuevo para servidor de desarrollo,crear_usuario
Necesito crear un acceso nuevo para servidor de desarrollo,crear_usuario
Necesito crear un acceso nuevo para servidor principal,crear_usuario
Necesito crear un acceso nuevo para servidor de pruebas,crear_usuario
Necesito crear un acceso nuevo para servidor de pruebas,crear_usuario
Necesito crear un acceso nuevo para servidor de desarrollo,crear_usuario
Necesito crear un acceso nuevo para servidor de pruebas,crear_usuario
Necesito crear un acceso nuevo para servidor de desarrollo,crear_usuario
Necesito crear un acceso nuevo para servidor de desarrollo,crear_usuario
Necesito crear un acceso nuevo para servidor principal,crear_usuario
Necesito crear un acceso nuevo para servidor principal,crear_usuario
Necesito crear un acceso nuevo para servidor de ventas,crear_usuario
Necesito crear un acceso nuevo para servidor de ventas,crear_usuario
Necesito crear un acceso nuevo para servidor de desarrollo,crear_usuario
Necesito crear un acceso nuevo para servidor de desarrollo,crear_usuario
Necesito crear un acceso nuevo para servidor principal,crear_usuario
Necesito crear un acceso nuevo para servidor de ventas,crear_usuario
Necesito crear un acceso nuevo para servidor de pruebas,crear_usuario
Necesito crear un acceso nuevo para servidor de pruebas,crear_usuario
Necesito crear un acceso nuevo para servidor de ventas,crear_usuario
Necesito crear un acceso nuevo para servidor principal,crear_usuario
Necesito crear un acceso nuevo para servidor de ventas,crear_usuario
Necesito crear un acceso nuevo para servidor de pruebas,crear_usuario
Necesito crear un acceso nuevo para servidor de desarrollo,crear_usuario
Necesito crear un acceso nuevo para servidor de pruebas,crear_usuario
Necesito crear un acceso nuevo para servidor de pruebas,crear_usuario
Necesito crear un acceso nuevo para servidor de ventas,crear_usuario
Necesito crear un acceso nuevo para servidor de desarrollo,crear_usuario
Necesito crear un acceso nuevo para servidor de desarrollo,crear_usuario
Necesito crear un acceso nuevo para servidor de ventas,crear_usuario
Necesito crear un acceso nuevo para servidor principal,crear_usuario
Necesito crear un acceso nuevo para servidor de ventas,crear_usuario
Necesito crear un acceso nuevo para servidor de pruebas,crear_usuario
Necesito crear un acceso nuevo para servidor de ventas,crear_usuario
Necesito crear un acceso nuevo para servidor de ventas,crear_usuario
Necesito crear un acceso nuevo para servidor principal,crear_usuario
Necesito crear un acceso nuevo para servidor de pruebas,crear_usuario
Necesito crear un acceso nuevo para servidor de ventas,crear_usuario
Necesito crear un acceso nuevo para servidor de pruebas,crear_usuario
Necesito crear un acceso nuevo para servidor de ventas,crear_usuario
Necesito crear un acceso nuevo para servidor de pruebas,crear_usuario
Necesito crear un acceso nuevo para servidor de desarrollo,crear_usuario
Necesito crear un acceso nuevo para servidor de desarrollo,crear_usuario
Necesito crear un acceso nuevo para servidor de ventas,crear_usuario
Necesito crear un acceso nuevo para servidor principal,crear_usuario
Necesito crear un acceso nuevo para servidor principal,crear_usuario
Agregar acceso al acceso 9660 ,crear_usuario
Agregar acceso al acceso 6288 ,crear_usuario
Agregar acceso al acceso 8604 ,crear_usuario
Agregar acceso al acceso 6208 ,crear_usuario
Agregar acceso al acceso 9661 ,crear_usuario
Agregar acceso al acceso 6104 ,crear_usuario
Agregar acceso al acceso 8184 ,crear_usuario
Agregar acceso al acceso 7802 ,crear_usuario
Agregar acceso al acceso 3816 ,crear_usuario
Agregar acceso al acceso 5990 ,crear_usuario
Agregar acceso al acceso 2435 ,crear_usuario
Agregar acceso al acceso 9305 ,crear_usuario
Agregar acceso al acceso 3059 ,crear_usuario
Agregar acceso al acceso 8245 ,crear_usuario
Agregar acceso al acceso 8837 ,crear_usuario
Agregar acceso al acceso 7750 ,crear_usuario
Agregar acceso al acceso 2376 ,crear_usuario
Agregar acceso al acceso 8649 ,crear_usuario
Agregar acceso al acceso 4500 ,crear_usuario
Agregar acceso al acceso 5952 ,crear_usuario
Agregar acceso al acceso 9873 ,crear_usuario
Agregar acceso al acceso 6098 ,crear_usuario
Agregar acceso al acceso 5476 ,crear_usuario
Agregar acceso al acceso 4432 ,crear_usuario
Agregar acceso al acceso 5300 ,crear_usuario
Agregar acceso al acceso 4515 ,crear_usuario
Agregar acceso al acceso 1103 ,crear_usuario
Agregar acceso al acceso 1889 ,crear_usuario
Agregar acceso al acceso 2571 ,crear_usuario
Agregar acceso al acceso 4872 ,crear_usuario
Agregar acceso al acceso 6300 ,crear_usuario
Agregar acceso al acceso 5705 ,crear_usuario
Agregar acceso al acceso 4103 ,crear_usuario
Agregar acceso al acceso 8210 ,crear_usuario
Agregar acceso al acceso 2731 ,crear_usuario
Agregar acceso al acceso 4474 ,crear_usuario
Agregar acceso al acceso 5421 ,crear_usuario
Agregar acceso al acceso 5589 ,crear_usuario
Agregar acceso al acceso 7309 ,crear_usuario
Agregar acceso al acceso 8947 ,crear_usuario
Agregar acceso al acceso 6621 ,crear_usuario
Agregar acceso al acceso 5485 ,crear_usuario
Agregar acceso al acceso 2204 ,crear_usuario
Agregar acceso al acceso 2648 ,crear_usuario
Agregar acceso al acceso 6283 ,crear_usuario
Agregar acceso al acceso 1193 ,crear_usuario
Agregar acceso al acceso 1318 ,crear_usuario
Agregar acceso al acceso 1049 ,crear_usuario
Agregar acceso al acceso 1163 ,crear_usuario
Agregar acceso al acceso 8277 ,crear_usuario
Registrar un nuevo acceso para 5078 ,crear_usuario
Registrar un nuevo acceso para 2597 ,crear_usuario
Registrar un nuevo acceso para 3796 ,crear_usuario
Registrar un nuevo acceso para 9177 ,crear_usuario
Registrar un nuevo acceso para 1300 ,crear_usuario
Registrar un nuevo acceso para 6062 ,crear_usuario
Registrar un nuevo acceso para 1228 ,crear_usuario
Registrar un nuevo acceso para 9553 ,crear_usuario
Registrar un nuevo acceso para 7790 ,crear_usuario
Registrar un nuevo acceso para 2350 ,crear_usuario
Registrar un nuevo acceso para 1831 ,crear_usuario
Registrar un nuevo acceso para 2720 ,crear_usuario
Registrar un nuevo acceso para 1342 ,crear_usuario
Registrar un nuevo acceso para 8274 ,crear_usuario
Registrar un nuevo acceso para 2189 ,crear_usuario
Registrar un nuevo acceso para 4328 ,crear_usuario
Registrar un nuevo acceso para 3505 ,crear_usuario
Registrar un nuevo acceso para 3193 ,crear_usuario
Registrar un nuevo acceso para 6998 ,crear_usuario
Registrar un nuevo acceso para 3911 ,crear_usuario
Registrar un nuevo acceso para 3303 ,crear_usuario
Registrar un nuevo acceso para 8349 ,crear_usuario
Registrar un nuevo acceso para 6993 ,crear_usuario
Registrar un nuevo acceso para 1731 ,crear_usuario
Registrar un nuevo acceso para 5980 ,crear_usuario
Registrar un nuevo acceso para 2134 ,crear_usuario
Registrar un nuevo acceso para 1260 ,crear_usuario
Registrar un nuevo acceso para 1332 ,crear_usuario
Registrar un nuevo acceso para 2414 ,crear_usuario
Registrar un nuevo acceso para 3455 ,crear_usuario
Registrar un nuevo acceso para 4473 ,crear_usuario
Registrar un nuevo acceso para 7082 ,crear_usuario
Registrar un nuevo acceso para 8642 ,crear_usuario
Registrar un nuevo acceso para 4525 ,crear_usuario
Registrar un nuevo acceso para 5840 ,crear_usuario
Registrar un nuevo acceso para 9209 ,crear_usuario
Registrar un nuevo acceso para 8936 ,crear_usuario
Registrar un nuevo acceso para 5963 ,crear_usuario
Registrar un nuevo acceso para 9738 ,crear_usuario
Registrar un nuevo acceso para 6745 ,crear_usuario
Registrar un nuevo acceso para 5295 ,crear_usuario
Registrar un nuevo acceso para 9704 ,crear_usuario
Registrar un nuevo acceso para 1785 ,crear_usuario
Registrar un nuevo acceso para 3071 ,crear_usuario
Registrar un nuevo acceso para 4818 ,crear_usuario
Registrar un nuevo acceso para 2847 ,crear_usuario
Registrar un nuevo acceso para 6069 ,crear_usuario
Registrar un nuevo acceso para 7461 ,crear_usuario
Registrar un nuevo acceso para 3744 ,crear_usuario
Registrar un nuevo acceso para 7917 ,crear_usuario
Crear cuenta para 6719 en el servidor de ventas,crear_usuario
Crear cuenta para 9466 en el servidor de ventas,crear_usuario
Crear cuenta para 5962 en el servidor de pruebas,crear_usuario
Crear cuenta para 7856 en el servidor de desarrollo,crear_usuario
Crear cuenta para 2070 en el servidor de desarrollo,crear_usuario
Crear cuenta para 1987 en el servidor de desarrollo,crear_usuario
Crear cuenta para 9368 en el servidor de desarrollo,crear_usuario
Crear cuenta para 8627 en el servidor de ventas,crear_usuario
Crear cuenta para 8761 en el servidor de desarrollo,crear_usuario
Crear cuenta para 1279 en el servidor de ventas,crear_usuario
Crear cuenta para 7221 en el servidor de ventas,crear_usuario
Crear cuenta para 9151 en el servidor de ventas,crear_usuario
Crear cuenta para 6448 en el servidor de desarrollo,crear_usuario
Crear cuenta para 1334 en el servidor de pruebas,crear_usuario
Crear cuenta para 9203 en el servidor de desarrollo,crear_usuario
Crear cuenta para 7055 en el servidor principal,crear_usuario
Crear cuenta para 5292 en el servidor de desarrollo,crear_usuario
Crear cuenta para 2825 en el servidor de ventas,crear_usuario
Crear cuenta para 8031 en el servidor de ventas,crear_usuario
Crear cuenta para 8927 en el servidor de pruebas,crear_usuario
Crear cuenta para 3464 en el servidor principal,crear_usuario
Crear cuenta para 3980 en el servidor de pruebas,crear_usuario
Crear cuenta para 1215 en el servidor de desarrollo,crear_usuario
Crear cuenta para 3450 en el servidor de desarrollo,crear_usuario
Crear cuenta para 1698 en el servidor de pruebas,crear_usuario
Crear cuenta para 4875 en el servidor de desarrollo,crear_usuario
Crear cuenta para 4534 en el servidor de desarrollo,crear_usuario
Crear cuenta para 8403 en el servidor principal,crear_usuario
Crear cuenta para 1956 en el servidor de desarrollo,crear_usuario
Crear cuenta para 1612 en el servidor de pruebas,crear_usuario
Crear cuenta para 9325 en el servidor principal,crear_usuario
Crear cuenta para 5920 en el servidor de desarrollo,crear_usuario
Crear cuenta para 7956 en el servidor de desarrollo,crear_usuario
Crear cuenta para 3335 en el servidor de desarrollo,crear_usuario
Crear cuenta para 8486 en el servidor principal,crear_usuario
Crear cuenta para 8033 en el servidor principal,crear_usuario
Crear cuenta para 5533 en el servidor de desarrollo,crear_usuario
Crear cuenta para 8630 en el servidor de pruebas,crear_usuario
Crear cuenta para 1854 en el servidor de ventas,crear_usuario
Crear cuenta para 9199 en el servidor principal,crear_usuario
Crear cuenta para 7007 en el servidor de pruebas,crear_usuario
Crear cuenta para 2906 en el servidor de desarrollo,crear_usuario
Crear cuenta para 1028 en el servidor de ventas,crear_usuario
Crear cuenta para 8644 en el servidor de pruebas,crear_usuario
Crear cuenta para 3061 en el servidor de pruebas,crear_usuario
Crear cuenta para 8057 en el servidor de ventas,crear_usuario
Crear cuenta para 9466 en el servidor principal,crear_usuario
Crear cuenta para 1305 en el servidor de desarrollo,crear_usuario
Crear cuenta para 3867 en el servidor de ventas,crear_usuario
Crear cuenta para 4207 en el servidor principal,crear_usuario
Generar un nuevo acceso para servidor de desarrollo con el código 4941,crear_usuario
Generar un nuevo acceso para servidor de ventas con el código 8317,crear_usuario
Generar un nuevo acceso para servidor de pruebas con el código 7319,crear_usuario
Generar un nuevo acceso para servidor de ventas con el código 6325,crear_usuario
Generar un nuevo acceso para servidor de desarrollo con el código 5823,crear_usuario
Generar un nuevo acceso para servidor principal con el código 2658,crear_usuario
Generar un nuevo acceso para servidor de ventas con el código 1154,crear_usuario
Generar un nuevo acceso para servidor principal con el código 6029,crear_usuario
Generar un nuevo acceso para servidor de pruebas con el código 6548,crear_usuario
Generar un nuevo acceso para servidor de ventas con el código 6171,crear_usuario
Generar un nuevo acceso para servidor de ventas con el código 6137,crear_usuario
Generar un nuevo acceso para servidor principal con el código 5623,crear_usuario
Generar un nuevo acceso para servidor principal con el código 2870,crear_usuario
Generar un nuevo acceso para servidor de pruebas con el código 5345,crear_usuario
Generar un nuevo acceso para servidor de desarrollo con el código 9144,crear_usuario
Generar un nuevo acceso para servidor de ventas con el código 1488,crear_usuario
Generar un nuevo acceso para servidor de desarrollo con el código 9943,crear_usuario
Generar un nuevo acceso para servidor principal con el código 8974,crear_usuario
Generar un nuevo acceso para servidor de pruebas con el código 5306,crear_usuario
Generar un nuevo acceso para servidor de pruebas con el código 3201,crear_usuario
Generar un nuevo acceso para servidor de ventas con el código 6419,crear_usuario
Generar un nuevo acceso para servidor principal con el código 5573,crear_usuario
Generar un nuevo acceso para servidor de ventas con el código 6610,crear_usuario
Generar un nuevo acceso para servidor de ventas con el código 4543,crear_usuario
Generar un nuevo acceso para servidor de pruebas con el código 1541,crear_usuario
Generar un nuevo acceso para servidor de ventas con el código 5279,crear_usuario
Generar un nuevo acceso para servidor de pruebas con el código 9268,crear_usuario
Generar un nuevo acceso para servidor de desarrollo con el código 2518,crear_usuario
Generar un nuevo acceso para servidor de pruebas con el código 3320,crear_usuario
Generar un nuevo acceso para servidor de pruebas con el código 6060,crear_usuario
Generar un nuevo acceso para servidor de desarrollo con el código 5388,crear_usuario
Generar un nuevo acceso para servidor principal con el código 1721,crear_usuario
Generar un nuevo acceso para servidor de desarrollo con el código 9846,crear_usuario
Generar un nuevo acceso para servidor principal con el código 3350,crear_usuario
Generar un nuevo acceso para servidor de ventas con el código 6387,crear_usuario
Generar un nuevo acceso para servidor de desarrollo con el código 4817,crear_usuario
Generar un nuevo acceso para servidor principal con el código 9717,crear_usuario
Generar un nuevo acceso para servidor de desarrollo con el código 2328,crear_usuario
Generar un nuevo acceso para servidor de pruebas con el código 1484,crear_usuario
Generar un nuevo acceso para servidor principal con el código 4658,crear_usuario
Generar un nuevo acceso para servidor de pruebas con el código 2986,crear_usuario
Generar un nuevo acceso para servidor de desarrollo con el código 7525,crear_usuario
Generar un nuevo acceso para servidor de desarrollo con el código 4524,crear_usuario
Generar un nuevo acceso para servidor de pruebas con el código 5395,crear_usuario
Generar un nuevo acceso para servidor principal con el código 8363,crear_usuario
Generar un nuevo acceso para servidor de ventas con el código 2813,crear_usuario
Generar un nuevo acceso para servidor de ventas con el código 5931,crear_usuario
Generar un nuevo acceso para servidor de pruebas con el código 1507,crear_usuario
Generar un nuevo acceso para servidor de pruebas con el código 2876,crear_usuario
Generar un nuevo acceso para servidor de desarrollo con el código 1223,crear_usuario
Crear un acceso con el código 5470 en el servidor de pruebas,crear_usuario
Crear un acceso con el código 6663 en el servidor de desarrollo,crear_usuario
Crear un acceso con el código 3214 en el servidor de pruebas,crear_usuario
Crear un acceso con el código 6011 en el servidor de desarrollo,crear_usuario
Crear un acceso con el código 4068 en el servidor de pruebas,crear_usuario
Crear un acceso con el código 5317 en el servidor de desarrollo,crear_usuario
Crear un acceso con el código 4817 en el servidor principal,crear_usuario
Crear un acceso con el código 8375 en el servidor de ventas,crear_usuario
Crear un acceso con el código 6387 en el servidor principal,crear_usuario
Crear un acceso con el código 4127 en el servidor de desarrollo,crear_usuario
Crear un acceso con el código 8132 en el servidor de desarrollo,crear_usuario
Crear un acceso con el código 8832 en el servidor de ventas,crear_usuario
Crear un acceso con el código 3685 en el servidor de pruebas,crear_usuario
Crear un acceso con el código 5458 en el servidor de pruebas,crear_usuario
Crear un acceso con el código 3681 en el servidor de pruebas,crear_usuario
Crear un acceso con el código 6931 en el servidor de pruebas,crear_usuario
Crear un acceso con el código 1974 en el servidor de desarrollo,crear_usuario
Crear un acceso con el código 7962 en el servidor de ventas,crear_usuario
Crear un acceso con el código 8777 en el servidor principal,crear_usuario
Crear un acceso con el código 5105 en el servidor de desarrollo,crear_usuario
Crear un acceso con el código 7045 en el servidor de ventas,crear_usuario
Crear un acceso con el código 7636 en el servidor de pruebas,crear_usuario
Crear un acceso con el código 1549 en el servidor de desarrollo,crear_usuario
Crear un acceso con el código 5610 en el servidor principal,crear_usuario
Crear un acceso con el código 4822 en el servidor de ventas,crear_usuario
Crear un acceso con el código 1473 en el servidor de desarrollo,crear_usuario
Crear un acceso con el código 5661 en el servidor de desarrollo,crear_usuario
Crear un acceso con el código 3300 en el servidor de pruebas,crear_usuario
Crear un acceso con el código 9922 en el servidor de desarrollo,crear_usuario
Crear un acceso con el código 9797 en el servidor de desarrollo,crear_usuario
Crear un acceso con el código 7555 en el servidor de desarrollo,crear_usuario
Crear un acceso con el código 5477 en el servidor de pruebas,crear_usuario
Crear un acceso con el código 2036 en el servidor principal,crear_usuario
Crear un acceso con el código 3002 en el servidor de pruebas,crear_usuario
Crear un acceso con el código 6103 en el servidor principal,crear_usuario
Crear un acceso con el código 9284 en el servidor principal,crear_usuario
Crear un acceso con el código 2887 en el servidor de pruebas,crear_usuario
Crear un acceso con el código 1589 en el servidor principal,crear_usuario
Crear un acceso con el código 1930 en el servidor de ventas,crear_usuario
Crear un acceso con el código 4213 en el servidor de pruebas,crear_usuario
Crear un acceso con el código 5531 en el servidor principal,crear_usuario
Crear un acceso con el código 4013 en el servidor de pruebas,crear_usuario
Crear un acceso con el código 7728 en el servidor de desarrollo,crear_usuario
Crear un acceso con el código 9390 en el servidor de desarrollo,crear_usuario
Crear un acceso con el código 3100 en el servidor principal,crear_usuario
Crear un acceso con el código 3623 en el servidor de pruebas,crear_usuario
Crear un acceso con el código 4593 en el servidor principal,crear_usuario
Crear un acceso con el código 1107 en el servidor de pruebas,crear_usuario
Crear un acceso con el código 4435 en el servidor de ventas,crear_usuario
Crear un acceso con el código 3234 en el servidor principal,crear_usuario
Agregar un nuevo acceso con el código 9049 en el servidor de ventas,crear_usuario
Agregar un nuevo acceso con el código 1475 en el servidor de ventas,crear_usuario
Agregar un nuevo acceso con el código 5402 en el servidor de ventas,crear_usuario
Agregar un nuevo acceso con el código 9727 en el servidor principal,crear_usuario
Agregar un nuevo acceso con el código 1081 en el servidor de pruebas,crear_usuario
Agregar un nuevo acceso con el código 8358 en el servidor de desarrollo,crear_usuario
Agregar un nuevo acceso con el código 5790 en el servidor de pruebas,crear_usuario
Agregar un nuevo acceso con el código 9900 en el servidor de ventas,crear_usuario
Agregar un nuevo acceso con el código 2359 en el servidor de ventas,crear_usuario
Agregar un nuevo acceso con el código 3398 en el servidor principal,crear_usuario
Agregar un nuevo acceso con el código 9509 en el servidor de desarrollo,crear_usuario
Agregar un nuevo acceso con el código 4403 en el servidor de pruebas,crear_usuario
Agregar un nuevo acceso con el código 1103 en el servidor de desarrollo,crear_usuario
Agregar un nuevo acceso con el código 7095 en el servidor de ventas,crear_usuario
Agregar un nuevo acceso con el código 9057 en el servidor de desarrollo,crear_usuario
Agregar un nuevo acceso con el código 2701 en el servidor principal,crear_usuario
Agregar un nuevo acceso con el código 9616 en el servidor principal,crear_usuario
Agregar un nuevo acceso con el código 1376 en el servidor de pruebas,crear_usuario
Agregar un nuevo acceso con el código 5198 en el servidor de desarrollo,crear_usuario
Agregar un nuevo acceso con el código 7448 en el servidor de ventas,crear_usuario
Agregar un nuevo acceso con el código 3783 en el servidor de pruebas,crear_usuario
Agregar un nuevo acceso con el código 6603 en el servidor de pruebas,crear_usuario
Agregar un nuevo acceso con el código 4776 en el servidor de desarrollo,crear_usuario
Agregar un nuevo acceso con el código 5396 en el servidor de ventas,crear_usuario
Agregar un nuevo acceso con el código 8271 en el servidor de desarrollo,crear_usuario
Agregar un nuevo acceso con el código 2433 en el servidor de ventas,crear_usuario
Agregar un nuevo acceso con el código 8736 en el servidor principal,crear_usuario
Agregar un nuevo acceso con el código 2103 en el servidor de desarrollo,crear_usuario
Agregar un nuevo acceso con el código 5898 en el servidor de pruebas,crear_usuario
Agregar un nuevo acceso con el código 8431 en el servidor de ventas,crear_usuario
Agregar un nuevo acceso con el código 2124 en el servidor de desarrollo,crear_usuario
Agregar un nuevo acceso con el código 9475 en el servidor de desarrollo,crear_usuario
Agregar un nuevo acceso con el código 7545 en el servidor de desarrollo,crear_usuario
Agregar un nuevo acceso con el código 1087 en el servidor de ventas,crear_usuario
Agregar un nuevo acceso con el código 8681 en el servidor de pruebas,crear_usuario
Agregar un nuevo acceso con el código 5812 en el servidor principal,crear_usuario
Agregar un nuevo acceso con el código 6909 en el servidor principal,crear_usuario
Agregar un nuevo acceso con el código 2035 en el servidor de pruebas,crear_usuario
Agregar un nuevo acceso con el código 4322 en el servidor de ventas,crear_usuario
Agregar un nuevo acceso con el código 1152 en el servidor principal,crear_usuario
Agregar un nuevo acceso con el código 4837 en el servidor de ventas,crear_usuario
Agregar un nuevo acceso con el código 2721 en el servidor principal,crear_usuario
Agregar un nuevo acceso con el código 1416 en el servidor de desarrollo,crear_usuario
Agregar un nuevo acceso con el código 6830 en el servidor de desarrollo,crear_usuario
Agregar un nuevo acceso con el código 1276 en el servidor de ventas,crear_usuario
Agregar un nuevo acceso con el código 2998 en el servidor principal,crear_usuario
Agregar un nuevo acceso con el código 3603 en el servidor de desarrollo,crear_usuario
Agregar un nuevo acceso con el código 9701 en el servidor de pruebas,crear_usuario
Agregar un nuevo acceso con el código 3235 en el servidor principal,crear_usuario
Agregar un nuevo acceso con el código 2162 en el servidor de desarrollo,crear_usuario
Crea un acceso nuevo para el servidor de pruebas con el código 1675,crear_usuario
Crea un acceso nuevo para el servidor principal con el código 8099,crear_usuario
Crea un acceso nuevo para el servidor principal con el código 5945,crear_usuario
Crea un acceso nuevo para el servidor de desarrollo con el código 5492,crear_usuario
Crea un acceso nuevo para el servidor principal con el código 3679,crear_usuario
Crea un acceso nuevo para el servidor principal con el código 5934,crear_usuario
Crea un acceso nuevo para el servidor de desarrollo con el código 9456,crear_usuario
Crea un acceso nuevo para el servidor de desarrollo con el código 5655,crear_usuario
Crea un acceso nuevo para el servidor de pruebas con el código 2574,crear_usuario
Crea un acceso nuevo para el servidor de ventas con el código 8186,crear_usuario
Crea un acceso nuevo para el servidor de pruebas con el código 2351,crear_usuario
Crea un acceso nuevo para el servidor de ventas con el código 8491,crear_usuario
Crea un acceso nuevo para el servidor de desarrollo con el código 7419,crear_usuario
Crea un acceso nuevo para el servidor de pruebas con el código 5573,crear_usuario
Crea un acceso nuevo para el servidor principal con el código 5556,crear_usuario
Crea un acceso nuevo para el servidor de ventas con el código 7431,crear_usuario
Crea un acceso nuevo para el servidor de desarrollo con el código 8507,crear_usuario
Crea un acceso nuevo para el servidor de pruebas con el código 7669,crear_usuario
Crea un acceso nuevo para el servidor de pruebas con el código 6722,crear_usuario
Crea un acceso nuevo para el servidor de desarrollo con el código 8501,crear_usuario
Crea un acceso nuevo para el servidor de desarrollo con el código 9301,crear_usuario
Crea un acceso nuevo para el servidor principal con el código 8669,crear_usuario
Crea un acceso nuevo para el servidor de pruebas con el código 1884,crear_usuario
Crea un acceso nuevo para el servidor de desarrollo con el código 1349,crear_usuario
Crea un acceso nuevo para el servidor principal con el código 7549,crear_usuario
Crea un acceso nuevo para el servidor de desarrollo con el código 3084,crear_usuario
Crea un acceso nuevo para el servidor de desarrollo con el código 8961,crear_usuario
Crea un acceso nuevo para el servidor principal con el código 8177,crear_usuario
Crea un acceso nuevo para el servidor de ventas con el código 7092,crear_usuario
Crea un acceso nuevo para el servidor principal con el código 2436,crear_usuario
Crea un acceso nuevo para el servidor de desarrollo con el código 2466,crear_usuario
Crea un acceso nuevo para el servidor principal con el código 1845,crear_usuario
Crea un acceso nuevo para el servidor principal con el código 2458,crear_usuario
Crea un acceso nuevo para el servidor principal con el código 8074,crear_usuario
Crea un acceso nuevo para el servidor de desarrollo con el código 3173,crear_usuario
Crea un acceso nuevo para el servidor de pruebas con el código 3762,crear_usuario
Crea un acceso nuevo para el servidor de desarrollo con el código 7139,crear_usuario
Crea un acceso nuevo para el servidor de ventas con el código 7920,crear_usuario
Crea un acceso nuevo para el servidor principal con el código 9008,crear_usuario
Crea un acceso nuevo para el servidor de desarrollo con el código 6870,crear_usuario
Crea un acceso nuevo para el servidor de ventas con el código 4068,crear_usuario
Crea un acceso nuevo para el servidor principal con el código 1809,crear_usuario
Crea un acceso nuevo para el servidor principal con el código 9266,crear_usuario
Crea un acceso nuevo para el servidor de desarrollo con el código 1000,crear_usuario
Crea un acceso nuevo para el servidor principal con el código 8039,crear_usuario
Crea un acceso nuevo para el servidor de pruebas con el código 6715,crear_usuario
Crea un acceso nuevo para el servidor de desarrollo con el código 9841,crear_usuario
Crea un acceso nuevo para el servidor de pruebas con el código 4157,crear_usuario
Crea un acceso nuevo para el servidor de desarrollo con el código 9784,crear_usuario
Crea un acceso nuevo para el servidor de pruebas con el código 1576,crear_usuario
Generar un acceso nuevo para el servidor de pruebas con el código 1643,crear_usuario
Generar un acceso nuevo para el servidor de ventas con el código 5683,crear_usuario
Generar un acceso nuevo para el servidor de ventas con el código 7674,crear_usuario
Generar un acceso nuevo para el servidor de desarrollo con el código 7710,crear_usuario
Generar un acceso nuevo para el servidor de desarrollo con el código 9243,crear_usuario
Generar un acceso nuevo para el servidor principal con el código 8744,crear_usuario
Generar un acceso nuevo para el servidor de desarrollo con el código 4149,crear_usuario
Generar un acceso nuevo para el servidor de ventas con el código 7753,crear_usuario
Generar un acceso nuevo para el servidor de pruebas con el código 4138,crear_usuario
Generar un acceso nuevo para el servidor principal con el código 4130,crear_usuario
Generar un acceso nuevo para el servidor de pruebas con el código 6053,crear_usuario
Generar un acceso nuevo para el servidor de pruebas con el código 2204,crear_usuario
Generar un acceso nuevo para el servidor principal con el código 8328,crear_usuario
Generar un acceso nuevo para el servidor de ventas con el código 5888,crear_usuario
Generar un acceso nuevo para el servidor de desarrollo con el código 8403,crear_usuario
Generar un acceso nuevo para el servidor de desarrollo con el código 4180,crear_usuario
Generar un acceso nuevo para el servidor de desarrollo con el código 7050,crear_usuario
Generar un acceso nuevo para el servidor principal con el código 3040,crear_usuario
Generar un acceso nuevo para el servidor principal con el código 1271,crear_usuario
Generar un acceso nuevo para el servidor de desarrollo con el código 7408,crear_usuario
Generar un acceso nuevo para el servidor de ventas con el código 3248,crear_usuario
Generar un acceso nuevo para el servidor principal con el código 7788,crear_usuario
Generar un acceso nuevo para el servidor de desarrollo con el código 5369,crear_usuario
Generar un acceso nuevo para el servidor de desarrollo con el código 2528,crear_usuario
Generar un acceso nuevo para el servidor de pruebas con el código 9905,crear_usuario
Generar un acceso nuevo para el servidor de desarrollo con el código 8252,crear_usuario
Generar un acceso nuevo para el servidor principal con el código 9748,crear_usuario
Generar un acceso nuevo para el servidor de ventas con el código 6837,crear_usuario
Generar un acceso nuevo para el servidor de pruebas con el código 6570,crear_usuario
Generar un acceso nuevo para el servidor de pruebas con el código 5193,crear_usuario
Generar un acceso nuevo para el servidor de pruebas con el código 6943,crear_usuario
Generar un acceso nuevo para el servidor de pruebas con el código 9868,crear_usuario
Generar un acceso nuevo para el servidor principal con el código 4549,crear_usuario
Generar un acceso nuevo para el servidor principal con el código 4945,crear_usuario
Generar un acceso nuevo para el servidor de pruebas con el código 4787,crear_usuario
Generar un acceso nuevo para el servidor de desarrollo con el código 3286,crear_usuario
Generar un acceso nuevo para el servidor de pruebas con el código 4910,crear_usuario
Generar un acceso nuevo para el servidor de ventas con el código 3155,crear_usuario
Generar un acceso nuevo para el servidor de ventas con el código 1739,crear_usuario
Generar un acceso nuevo para el servidor de desarrollo con el código 7676,crear_usuario
Generar un acceso nuevo para el servidor de ventas con el código 3350,crear_usuario
Generar un acceso nuevo para el servidor de desarrollo con el código 7237,crear_usuario
Generar un acceso nuevo para el servidor de ventas con el código 5907,crear_usuario
Generar un acceso nuevo para el servidor principal con el código 2852,crear_usuario
Generar un acceso nuevo para el servidor de pruebas con el código 9179,crear_usuario
Generar un acceso nuevo para el servidor principal con el código 2053,crear_usuario
Generar un acceso nuevo para el servidor principal con el código 8650,crear_usuario
Generar un acceso nuevo para el servidor de pruebas con el código 6467,crear_usuario
Generar un acceso nuevo para el servidor de ventas con el código 3192,crear_usuario
Generar un acceso nuevo para el servidor de ventas con el código 7814,crear_usuario
Porfavor crea un nuevo acceso para 6061 en el servidor de pruebas,crear_usuario
Porfavor crea un nuevo acceso para 9008 en el servidor de ventas,crear_usuario
Porfavor crea un nuevo acceso para 8647 en el servidor de ventas,crear_usuario
Porfavor crea un nuevo acceso para 4239 en el servidor de ventas,crear_usuario
Porfavor crea un nuevo acceso para 1716 en el servidor de ventas,crear_usuario
Porfavor crea un nuevo acceso para 8872 en el servidor principal,crear_usuario
Porfavor crea un nuevo acceso para 7724 en el servidor principal,crear_usuario
Porfavor crea un nuevo acceso para 8185 en el servidor de ventas,crear_usuario
Porfavor crea un nuevo acceso para 5943 en el servidor de pruebas,crear_usuario
Porfavor crea un nuevo acceso para 5907 en el servidor principal,crear_usuario
Porfavor crea un nuevo acceso para 9141 en el servidor principal,crear_usuario
Porfavor crea un nuevo acceso para 7230 en el servidor principal,crear_usuario
Porfavor crea un nuevo acceso para 3972 en el servidor principal,crear_usuario
Porfavor crea un nuevo acceso para 7237 en el servidor de desarrollo,crear_usuario
Porfavor crea un nuevo acceso para 2448 en el servidor principal,crear_usuario
Porfavor crea un nuevo acceso para 2185 en el servidor principal,crear_usuario
Porfavor crea un nuevo acceso para 9803 en el servidor de ventas,crear_usuario
Porfavor crea un nuevo acceso para 6717 en el servidor de desarrollo,crear_usuario
Porfavor crea un nuevo acceso para 1164 en el servidor de desarrollo,crear_usuario
Porfavor crea un nuevo acceso para 5757 en el servidor de desarrollo,crear_usuario
Porfavor crea un nuevo acceso para 1797 en el servidor principal,crear_usuario
Porfavor crea un nuevo acceso para 4500 en el servidor de pruebas,crear_usuario
Porfavor crea un nuevo acceso para 9565 en el servidor de ventas,crear_usuario
Porfavor crea un nuevo acceso para 6747 en el servidor de pruebas,crear_usuario
Porfavor crea un nuevo acceso para 3813 en el servidor de pruebas,crear_usuario
Porfavor crea un nuevo acceso para 7973 en el servidor principal,crear_usuario
Porfavor crea un nuevo acceso para 6976 en el servidor de desarrollo,crear_usuario
Porfavor crea un nuevo acceso para 4294 en el servidor de pruebas,crear_usuario
Porfavor crea un nuevo acceso para 3919 en el servidor principal,crear_usuario
Porfavor crea un nuevo acceso para 6128 en el servidor de desarrollo,crear_usuario
Porfavor crea un nuevo acceso para 4280 en el servidor de pruebas,crear_usuario
Porfavor crea un nuevo acceso para 4230 en el servidor de ventas,crear_usuario
Porfavor crea un nuevo acceso para 1951 en el servidor principal,crear_usuario
Porfavor crea un nuevo acceso para 4990 en el servidor de pruebas,crear_usuario
Porfavor crea un nuevo acceso para 7674 en el servidor de ventas,crear_usuario
Porfavor crea un nuevo acceso para 8259 en el servidor de pruebas,crear_usuario
Porfavor crea un nuevo acceso para 8189 en el servidor de pruebas,crear_usuario
Porfavor crea un nuevo acceso para 3798 en el servidor de pruebas,crear_usuario
Porfavor crea un nuevo acceso para 5603 en el servidor principal,crear_usuario
Porfavor crea un nuevo acceso para 7663 en el servidor principal,crear_usuario
Porfavor crea un nuevo acceso para 2983 en el servidor principal,crear_usuario
Porfavor crea un nuevo acceso para 6297 en el servidor de desarrollo,crear_usuario
Porfavor crea un nuevo acceso para 5478 en el servidor de desarrollo,crear_usuario
Porfavor crea un nuevo acceso para 9148 en el servidor de desarrollo,crear_usuario
Porfavor crea un nuevo acceso para 5271 en el servidor de desarrollo,crear_usuario
Porfavor crea un nuevo acceso para 1112 en el servidor de ventas,crear_usuario
Porfavor crea un nuevo acceso para 1974 en el servidor de ventas,crear_usuario
Porfavor crea un nuevo acceso para 9480 en el servidor principal,crear_usuario
Porfavor crea un nuevo acceso para 5473 en el servidor de pruebas,crear_usuario
Porfavor crea un nuevo acceso para 9213 en el servidor principal,crear_usuario
crear nuevo acceso para 6414 en el servidor principal,crear_usuario
crear nuevo acceso para 5506 en el servidor de pruebas,crear_usuario
crear nuevo acceso para 7965 en el servidor de ventas,crear_usuario
crear nuevo acceso para 6544 en el servidor de pruebas,crear_usuario
crear nuevo acceso para 6849 en el servidor de pruebas,crear_usuario
crear nuevo acceso para 9910 en el servidor de desarrollo,crear_usuario
crear nuevo acceso para 7643 en el servidor de desarrollo,crear_usuario
crear nuevo acceso para 9685 en el servidor de desarrollo,crear_usuario
crear nuevo acceso para 8907 en el servidor de pruebas,crear_usuario
crear nuevo acceso para 5424 en el servidor de ventas,crear_usuario
crear nuevo acceso para 6879 en el servidor de desarrollo,crear_usuario
crear nuevo acceso para 6770 en el servidor de pruebas,crear_usuario
crear nuevo acceso para 2504 en el servidor principal,crear_usuario
crear nuevo acceso para 1194 en el servidor principal,crear_usuario
crear nuevo acceso para 6939 en el servidor de desarrollo,crear_usuario
crear nuevo acceso para 2268 en el servidor de desarrollo,crear_usuario
crear nuevo acceso para 1430 en el servidor de desarrollo,crear_usuario
crear nuevo acceso para 3576 en el servidor de desarrollo,crear_usuario
crear nuevo acceso para 5368 en el servidor de pruebas,crear_usuario
crear nuevo acceso para 7565 en el servidor de pruebas,crear_usuario
crear nuevo acceso para 7254 en el servidor de ventas,crear_usuario
crear nuevo acceso para 4831 en el servidor de ventas,crear_usuario
crear nuevo acceso para 5469 en el servidor principal,crear_usuario
crear nuevo acceso para 4284 en el servidor de desarrollo,crear_usuario
crear nuevo acceso para 2870 en el servidor principal,crear_usuario
crear nuevo acceso para 7149 en el servidor de pruebas,crear_usuario
crear nuevo acceso para 1414 en el servidor de ventas,crear_usuario
crear nuevo acceso para 7769 en el servidor principal,crear_usuario
crear nuevo acceso para 9828 en el servidor de desarrollo,crear_usuario
crear nuevo acceso para 3374 en el servidor de ventas,crear_usuario
crear nuevo acceso para 8702 en el servidor de desarrollo,crear_usuario
crear nuevo acceso para 1592 en el servidor principal,crear_usuario
crear nuevo acceso para 6152 en el servidor de desarrollo,crear_usuario
crear nuevo acceso para 1362 en el servidor de desarrollo,crear_usuario
crear nuevo acceso para 1250 en el servidor principal,crear_usuario
crear nuevo acceso para 8484 en el servidor principal,crear_usuario
crear nuevo acceso para 3724 en el servidor de pruebas,crear_usuario
crear nuevo acceso para 7506 en el servidor principal,crear_usuario
crear nuevo acceso para 4475 en el servidor de ventas,crear_usuario
crear nuevo acceso para 2318 en el servidor de desarrollo,crear_usuario
crear nuevo acceso para 3501 en el servidor de desarrollo,crear_usuario
crear nuevo acceso para 5915 en el servidor de desarrollo,crear_usuario
crear nuevo acceso para 3745 en el servidor de pruebas,crear_usuario
crear nuevo acceso para 7859 en el servidor de pruebas,crear_usuario
crear nuevo acceso para 9602 en el servidor principal,crear_usuario
crear nuevo acceso para 1981 en el servidor de desarrollo,crear_usuario
crear nuevo acceso para 6715 en el servidor principal,crear_usuario
crear nuevo acceso para 4644 en el servidor principal,crear_usuario
crear nuevo acceso para 9599 en el servidor principal,crear_usuario
crear nuevo acceso para 7493 en el servidor de desarrollo,crear_usuario
nuevo acceso para 7364 en el servidor de pruebas,crear_usuario
nuevo acceso para 9581 en el servidor de desarrollo,crear_usuario
nuevo acceso para 9406 en el servidor de pruebas,crear_usuario
nuevo acceso para 7683 en el servidor de desarrollo,crear_usuario
nuevo acceso para 4770 en el servidor de ventas,crear_usuario
nuevo acceso para 4628 en el servidor de pruebas,crear_usuario
nuevo acceso para 6192 en el servidor de desarrollo,crear_usuario
nuevo acceso para 6288 en el servidor de desarrollo,crear_usuario
nuevo acceso para 8367 en el servidor principal,crear_usuario
nuevo acceso para 5382 en el servidor principal,crear_usuario
nuevo acceso para 7663 en el servidor principal,crear_usuario
nuevo acceso para 8842 en el servidor de ventas,crear_usuario
nuevo acceso para 9852 en el servidor de desarrollo,crear_usuario
nuevo acceso para 8869 en el servidor de desarrollo,crear_usuario
nuevo acceso para 5542 en el servidor de ventas,crear_usuario
nuevo acceso para 8447 en el servidor de pruebas,crear_usuario
nuevo acceso para 2474 en el servidor principal,crear_usuario
nuevo acceso para 1181 en el servidor de ventas,crear_usuario
nuevo acceso para 7559 en el servidor de desarrollo,crear_usuario
nuevo acceso para 6237 en el servidor de pruebas,crear_usuario
nuevo acceso para 9289 en el servidor principal,crear_usuario
nuevo acceso para 2758 en el servidor principal,crear_usuario
nuevo acceso para 7110 en el servidor principal,crear_usuario
nuevo acceso para 2458 en el servidor de desarrollo,crear_usuario
nuevo acceso para 4287 en el servidor de desarrollo,crear_usuario
nuevo acceso para 7351 en el servidor principal,crear_usuario
nuevo acceso para 2820 en el servidor principal,crear_usuario
nuevo acceso para 3507 en el servidor de pruebas,crear_usuario
nuevo acceso para 8433 en el servidor principal,crear_usuario
nuevo acceso para 2979 en el servidor de pruebas,crear_usuario
nuevo acceso para 8703 en el servidor de ventas,crear_usuario
nuevo acceso para 3805 en el servidor principal,crear_usuario
nuevo acceso para 7969 en el servidor de desarrollo,crear_usuario
nuevo acceso para 7520 en el servidor de ventas,crear_usuario
nuevo acceso para 1532 en el servidor principal,crear_usuario
nuevo acceso para 4239 en el servidor de desarrollo,crear_usuario
nuevo acceso para 7380 en el servidor de desarrollo,crear_usuario
nuevo acceso para 9043 en el servidor de ventas,crear_usuario
nuevo acceso para 7854 en el servidor de desarrollo,crear_usuario
nuevo acceso para 8382 en el servidor de ventas,crear_usuario
nuevo acceso para 1730 en el servidor de pruebas,crear_usuario
nuevo acceso para 1332 en el servidor de desarrollo,crear_usuario
nuevo acceso para 7046 en el servidor principal,crear_usuario
nuevo acceso para 1407 en el servidor principal,crear_usuario
nuevo acceso para 5776 en el servidor de desarrollo,crear_usuario
nuevo acceso para 4719 en el servidor de desarrollo,crear_usuario
nuevo acceso para 2932 en el servidor principal,crear_usuario
nuevo acceso para 2768 en el servidor de pruebas,crear_usuario
nuevo acceso para 2312 en el servidor de pruebas,crear_usuario
nuevo acceso para 2639 en el servidor de ventas,crear_usuario
Añade un nuevo acceso en  servidor de desarrollo para el acceso 6531,crear_usuario
Añade un nuevo acceso en  servidor principal para el acceso 4832,crear_usuario
Añade un nuevo acceso en  servidor de desarrollo para el acceso 1101,crear_usuario
Añade un nuevo acceso en  servidor principal para el acceso 4995,crear_usuario
Añade un nuevo acceso en  servidor de desarrollo para el acceso 2722,crear_usuario
Añade un nuevo acceso en  servidor de pruebas para el acceso 4839,crear_usuario
Añade un nuevo acceso en  servidor de pruebas para el acceso 9140,crear_usuario
Añade un nuevo acceso en  servidor de pruebas para el acceso 6468,crear_usuario
Añade un nuevo acceso en  servidor de pruebas para el acceso 9340,crear_usuario
Añade un nuevo acceso en  servidor de ventas para el acceso 7576,crear_usuario
Añade un nuevo acceso en  servidor de desarrollo para el acceso 9901,crear_usuario
Añade un nuevo acceso en  servidor de desarrollo para el acceso 2130,crear_usuario
Añade un nuevo acceso en  servidor de ventas para el acceso 3181,crear_usuario
Añade un nuevo acceso en  servidor principal para el acceso 7474,crear_usuario
Añade un nuevo acceso en  servidor principal para el acceso 2447,crear_usuario
Añade un nuevo acceso en  servidor de desarrollo para el acceso 1209,crear_usuario
Añade un nuevo acceso en  servidor principal para el acceso 6794,crear_usuario
Añade un nuevo acceso en  servidor de pruebas para el acceso 7293,crear_usuario
Añade un nuevo acceso en  servidor de pruebas para el acceso 9948,crear_usuario
Añade un nuevo acceso en  servidor de ventas para el acceso 2652,crear_usuario
Añade un nuevo acceso en  servidor de pruebas para el acceso 1039,crear_usuario
Añade un nuevo acceso en  servidor de desarrollo para el acceso 3872,crear_usuario
Añade un nuevo acceso en  servidor de ventas para el acceso 5202,crear_usuario
Añade un nuevo acceso en  servidor de pruebas para el acceso 9644,crear_usuario
Añade un nuevo acceso en  servidor principal para el acceso 7841,crear_usuario
Añade un nuevo acceso en  servidor principal para el acceso 6772,crear_usuario
Añade un nuevo acceso en  servidor de ventas para el acceso 2161,crear_usuario
Añade un nuevo acceso en  servidor de pruebas para el acceso 4604,crear_usuario
Añade un nuevo acceso en  servidor de desarrollo para el acceso 8686,crear_usuario
Añade un nuevo acceso en  servidor de ventas para el acceso 3179,crear_usuario
Añade un nuevo acceso en  servidor de pruebas para el acceso 1308,crear_usuario
Añade un nuevo acceso en  servidor de desarrollo para el acceso 1723,crear_usuario
Añade un nuevo acceso en  servidor principal para el acceso 8920,crear_usuario
Añade un nuevo acceso en  servidor principal para el acceso 8850,crear_usuario
Añade un nuevo acceso en  servidor de ventas para el acceso 6331,crear_usuario
Añade un nuevo acceso en  servidor principal para el acceso 9465,crear_usuario
Añade un nuevo acceso en  servidor de pruebas para el acceso 2829,crear_usuario
Añade un nuevo acceso en  servidor de pruebas para el acceso 2085,crear_usuario
Añade un nuevo acceso en  servidor de pruebas para el acceso 5236,crear_usuario
Añade un nuevo acceso en  servidor de ventas para el acceso 5258,crear_usuario
Añade un nuevo acceso en  servidor principal para el acceso 2763,crear_usuario
Añade un nuevo acceso en  servidor de desarrollo para el acceso 9212,crear_usuario
Añade un nuevo acceso en  servidor principal para el acceso 4662,crear_usuario
Añade un nuevo acceso en  servidor principal para el acceso 1723,crear_usuario
Añade un nuevo acceso en  servidor de pruebas para el acceso 4541,crear_usuario
Añade un nuevo acceso en  servidor de pruebas para el acceso 8723,crear_usuario
Añade un nuevo acceso en  servidor de ventas para el acceso 3822,crear_usuario
Añade un nuevo acceso en  servidor de ventas para el acceso 9393,crear_usuario
Añade un nuevo acceso en  servidor de pruebas para el acceso 4948,crear_usuario
Añade un nuevo acceso en  servidor de desarrollo para el acceso 9050,crear_usuario
me ayudarias a crear un acceso para el servidor de desarrollo con el código 6139,crear_usuario
me ayudarias a crear un acceso para el servidor de desarrollo con el código 5467,crear_usuario
me ayudarias a crear un acceso para el servidor de desarrollo con el código 5725,crear_usuario
me ayudarias a crear un acceso para el servidor de desarrollo con el código 1099,crear_usuario
me ayudarias a crear un acceso para el servidor de pruebas con el código 2872,crear_usuario
me ayudarias a crear un acceso para el servidor de desarrollo con el código 7059,crear_usuario
me ayudarias a crear un acceso para el servidor principal con el código 5613,crear_usuario
me ayudarias a crear un acceso para el servidor de desarrollo con el código 9452,crear_usuario
me ayudarias a crear un acceso para el servidor de pruebas con el código 4855,crear_usuario
me ayudarias a crear un acceso para el servidor de desarrollo con el código 7506,crear_usuario
me ayudarias a crear un acceso para el servidor principal con el código 3449,crear_usuario
me ayudarias a crear un acceso para el servidor de ventas con el código 5916,crear_usuario
me ayudarias a crear un acceso para el servidor de ventas con el código 5360,crear_usuario
me ayudarias a crear un acceso para el servidor de ventas con el código 8304,crear_usuario
me ayudarias a crear un acceso para el servidor principal con el código 8752,crear_usuario
me ayudarias a crear un acceso para el servidor de desarrollo con el código 5793,crear_usuario
me ayudarias a crear un acceso para el servidor principal con el código 7069,crear_usuario
me ayudarias a crear un acceso para el servidor de pruebas con el código 5478,crear_usuario
me ayudarias a crear un acceso para el servidor de pruebas con el código 8752,crear_usuario
me ayudarias a crear un acceso para el servidor principal con el código 6601,crear_usuario
me ayudarias a crear un acceso para el servidor principal con el código 3866,crear_usuario
me ayudarias a crear un acceso para el servidor de ventas con el código 8119,crear_usuario
me ayudarias a crear un acceso para el servidor de ventas con el código 2809,crear_usuario
me ayudarias a crear un acceso para el servidor principal con el código 1758,crear_usuario
me ayudarias a crear un acceso para el servidor de desarrollo con el código 3032,crear_usuario
me ayudarias a crear un acceso para el servidor principal con el código 8009,crear_usuario
me ayudarias a crear un acceso para el servidor principal con el código 9951,crear_usuario
me ayudarias a crear un acceso para el servidor de desarrollo con el código 1371,crear_usuario
me ayudarias a crear un acceso para el servidor principal con el código 3775,crear_usuario
me ayudarias a crear un acceso para el servidor de ventas con el código 3354,crear_usuario
me ayudarias a crear un acceso para el servidor de pruebas con el código 6919,crear_usuario
me ayudarias a crear un acceso para el servidor de pruebas con el código 6282,crear_usuario
me ayudarias a crear un acceso para el servidor de ventas con el código 6392,crear_usuario
me ayudarias a crear un acceso para el servidor principal con el código 3486,crear_usuario
me ayudarias a crear un acceso para el servidor principal con el código 6492,crear_usuario
me ayudarias a crear un acceso para el servidor principal con el código 1468,crear_usuario
me ayudarias a crear un acceso para el servidor principal con el código 2377,crear_usuario
me ayudarias a crear un acceso para el servidor de ventas con el código 6855,crear_usuario
me ayudarias a crear un acceso para el servidor de pruebas con el código 9310,crear_usuario
me ayudarias a crear un acceso para el servidor de ventas con el código 7910,crear_usuario
me ayudarias a crear un acceso para el servidor principal con el código 4887,crear_usuario
me ayudarias a crear un acceso para el servidor principal con el código 9435,crear_usuario
me ayudarias a crear un acceso para el servidor principal con el código 4599,crear_usuario
me ayudarias a crear un acceso para el servidor de ventas con el código 6784,crear_usuario
me ayudarias a crear un acceso para el servidor de pruebas con el código 9864,crear_usuario
me ayudarias a crear un acceso para el servidor de desarrollo con el código 4021,crear_usuario
me ayudarias a crear un acceso para el servidor de ventas con el código 4437,crear_usuario
me ayudarias a crear un acceso para el servidor de pruebas con el código 9678,crear_usuario
me ayudarias a crear un acceso para el servidor de ventas con el código 6849,crear_usuario
me ayudarias a crear un acceso para el servidor principal con el código 5423,crear_usuario
me ayudarias añadieno un acceso para el acceso 2248 en el servidor de desarrollo,crear_usuario
me ayudarias añadieno un acceso para el acceso 9590 en el servidor de pruebas,crear_usuario
me ayudarias añadieno un acceso para el acceso 2761 en el servidor de ventas,crear_usuario
me ayudarias añadieno un acceso para el acceso 2360 en el servidor de ventas,crear_usuario
me ayudarias añadieno un acceso para el acceso 3654 en el servidor principal,crear_usuario
me ayudarias añadieno un acceso para el acceso 6356 en el servidor de ventas,crear_usuario
me ayudarias añadieno un acceso para el acceso 4770 en el servidor de pruebas,crear_usuario
me ayudarias añadieno un acceso para el acceso 5680 en el servidor de desarrollo,crear_usuario
me ayudarias añadieno un acceso para el acceso 1610 en el servidor de pruebas,crear_usuario
me ayudarias añadieno un acceso para el acceso 8467 en el servidor de desarrollo,crear_usuario
me ayudarias añadieno un acceso para el acceso 3814 en el servidor principal,crear_usuario
me ayudarias añadieno un acceso para el acceso 9561 en el servidor de pruebas,crear_usuario
me ayudarias añadieno un acceso para el acceso 8534 en el servidor principal,crear_usuario
me ayudarias añadieno un acceso para el acceso 7389 en el servidor de ventas,crear_usuario
me ayudarias añadieno un acceso para el acceso 4138 en el servidor de desarrollo,crear_usuario
me ayudarias añadieno un acceso para el acceso 4672 en el servidor de desarrollo,crear_usuario
me ayudarias añadieno un acceso para el acceso 3245 en el servidor de ventas,crear_usuario
me ayudarias añadieno un acceso para el acceso 9415 en el servidor de ventas,crear_usuario
me ayudarias añadieno un acceso para el acceso 4243 en el servidor principal,crear_usuario
me ayudarias añadieno un acceso para el acceso 3821 en el servidor de desarrollo,crear_usuario
me ayudarias añadieno un acceso para el acceso 7967 en el servidor principal,crear_usuario
me ayudarias añadieno un acceso para el acceso 7825 en el servidor de ventas,crear_usuario
me ayudarias añadieno un acceso para el acceso 9500 en el servidor de pruebas,crear_usuario
me ayudarias añadieno un acceso para el acceso 7008 en el servidor de ventas,crear_usuario
me ayudarias añadieno un acceso para el acceso 7439 en el servidor de pruebas,crear_usuario
me ayudarias añadieno un acceso para el acceso 6074 en el servidor principal,crear_usuario
me ayudarias añadieno un acceso para el acceso 6474 en el servidor de ventas,crear_usuario
me ayudarias añadieno un acceso para el acceso 7755 en el servidor principal,crear_usuario
me ayudarias añadieno un acceso para el acceso 8263 en el servidor de ventas,crear_usuario
me ayudarias añadieno un acceso para el acceso 3344 en el servidor de pruebas,crear_usuario
me ayudarias añadieno un acceso para el acceso 6275 en el servidor de pruebas,crear_usuario
me ayudarias añadieno un acceso para el acceso 6534 en el servidor de desarrollo,crear_usuario
me ayudarias añadieno un acceso para el acceso 7539 en el servidor de desarrollo,crear_usuario
me ayudarias añadieno un acceso para el acceso 3825 en el servidor de desarrollo,crear_usuario
me ayudarias añadieno un acceso para el acceso 7033 en el servidor principal,crear_usuario
me ayudarias añadieno un acceso para el acceso 1501 en el servidor de ventas,crear_usuario
me ayudarias añadieno un acceso para el acceso 1645 en el servidor de ventas,crear_usuario
me ayudarias añadieno un acceso para el acceso 7047 en el servidor de ventas,crear_usuario
me ayudarias añadieno un acceso para el acceso 8159 en el servidor de pruebas,crear_usuario
me ayudarias añadieno un acceso para el acceso 5447 en el servidor de desarrollo,crear_usuario
me ayudarias añadieno un acceso para el acceso 8397 en el servidor principal,crear_usuario
me ayudarias añadieno un acceso para el acceso 5155 en el servidor de ventas,crear_usuario
me ayudarias añadieno un acceso para el acceso 1083 en el servidor principal,crear_usuario
me ayudarias añadieno un acceso para el acceso 5053 en el servidor de pruebas,crear_usuario
me ayudarias añadieno un acceso para el acceso 3917 en el servidor de pruebas,crear_usuario
me ayudarias añadieno un acceso para el acceso 7419 en el servidor de ventas,crear_usuario
me ayudarias añadieno un acceso para el acceso 8746 en el servidor principal,crear_usuario
me ayudarias añadieno un acceso para el acceso 1295 en el servidor de ventas,crear_usuario
me ayudarias añadieno un acceso para el acceso 9868 en el servidor de ventas,crear_usuario
me ayudarias añadieno un acceso para el acceso 6848 en el servidor de ventas,crear_usuario
necesito crear un acceso para el servidor de desarrollo con el código 1359,crear_usuario
necesito crear un acceso para el servidor principal con el código 4687,crear_usuario
necesito crear un acceso para el servidor de ventas con el código 8979,crear_usuario
necesito crear un acceso para el servidor principal con el código 8398,crear_usuario
necesito crear un acceso para el servidor de desarrollo con el código 5446,crear_usuario
necesito crear un acceso para el servidor principal con el código 9391,crear_usuario
necesito crear un acceso para el servidor principal con el código 5332,crear_usuario
necesito crear un acceso para el servidor de ventas con el código 9886,crear_usuario
necesito crear un acceso para el servidor principal con el código 7762,crear_usuario
necesito crear un acceso para el servidor principal con el código 2092,crear_usuario
necesito crear un acceso para el servidor de ventas con el código 2070,crear_usuario
necesito crear un acceso para el servidor de desarrollo con el código 5908,crear_usuario
necesito crear un acceso para el servidor de desarrollo con el código 5161,crear_usuario
necesito crear un acceso para el servidor de ventas con el código 3325,crear_usuario
necesito crear un acceso para el servidor de ventas con el código 4680,crear_usuario
necesito crear un acceso para el servidor de desarrollo con el código 5918,crear_usuario
necesito crear un acceso para el servidor de ventas con el código 8744,crear_usuario
necesito crear un acceso para el servidor principal con el código 6476,crear_usuario
necesito crear un acceso para el servidor principal con el código 5996,crear_usuario
necesito crear un acceso para el servidor de ventas con el código 2088,crear_usuario
necesito crear un acceso para el servidor de desarrollo con el código 5545,crear_usuario
necesito crear un acceso para el servidor principal con el código 6835,crear_usuario
necesito crear un acceso para el servidor de pruebas con el código 3846,crear_usuario
necesito crear un acceso para el servidor de ventas con el código 8680,crear_usuario
necesito crear un acceso para el servidor de ventas con el código 5419,crear_usuario
necesito crear un acceso para el servidor principal con el código 5708,crear_usuario
necesito crear un acceso para el servidor de pruebas con el código 3547,crear_usuario
necesito crear un acceso para el servidor de pruebas con el código 9147,crear_usuario
necesito crear un acceso para el servidor de ventas con el código 4682,crear_usuario
necesito crear un acceso para el servidor principal con el código 3056,crear_usuario
necesito crear un acceso para el servidor principal con el código 2069,crear_usuario
necesito crear un acceso para el servidor de ventas con el código 7704,crear_usuario
necesito crear un acceso para el servidor de desarrollo con el código 4235,crear_usuario
necesito crear un acceso para el servidor principal con el código 1229,crear_usuario
necesito crear un acceso para el servidor de pruebas con el código 7925,crear_usuario
necesito crear un acceso para el servidor de pruebas con el código 7766,crear_usuario
necesito crear un acceso para el servidor principal con el código 5238,crear_usuario
necesito crear un acceso para el servidor de desarrollo con el código 8543,crear_usuario
necesito crear un acceso para el servidor de desarrollo con el código 2301,crear_usuario
necesito crear un acceso para el servidor principal con el código 7164,crear_usuario
necesito crear un acceso para el servidor principal con el código 3534,crear_usuario
necesito crear un acceso para el servidor de pruebas con el código 4450,crear_usuario
necesito crear un acceso para el servidor de pruebas con el código 4555,crear_usuario
necesito crear un acceso para el servidor de desarrollo con el código 4332,crear_usuario
necesito crear un acceso para el servidor principal con el código 4041,crear_usuario
necesito crear un acceso para el servidor principal con el código 1938,crear_usuario
necesito crear un acceso para el servidor de pruebas con el código 9489,crear_usuario
necesito crear un acceso para el servidor de ventas con el código 1179,crear_usuario
necesito crear un acceso para el servidor principal con el código 2379,crear_usuario
necesito crear un acceso para el servidor de pruebas con el código 6604,crear_usuario
Acceso nuevo en el servidor de desarrollo para el acceso 9423,crear_usuario
Acceso nuevo en el servidor principal para el acceso 4465,crear_usuario
Acceso nuevo en el servidor de ventas para el acceso 1004,crear_usuario
Acceso nuevo en el servidor de ventas para el acceso 7245,crear_usuario
Acceso nuevo en el servidor principal para el acceso 9941,crear_usuario
Acceso nuevo en el servidor de pruebas para el acceso 6975,crear_usuario
Acceso nuevo en el servidor principal para el acceso 8567,crear_usuario
Acceso nuevo en el servidor de ventas para el acceso 1801,crear_usuario
Acceso nuevo en el servidor de ventas para el acceso 6979,crear_usuario
Acceso nuevo en el servidor principal para el acceso 1782,crear_usuario
Acceso nuevo en el servidor de desarrollo para el acceso 4067,crear_usuario
Acceso nuevo en el servidor principal para el acceso 3833,crear_usuario
Acceso nuevo en el servidor de pruebas para el acceso 4191,crear_usuario
Acceso nuevo en el servidor de ventas para el acceso 6867,crear_usuario
Acceso nuevo en el servidor de ventas para el acceso 4030,crear_usuario
Acceso nuevo en el servidor de pruebas para el acceso 1175,crear_usuario
Acceso nuevo en el servidor de pruebas para el acceso 5904,crear_usuario
Acceso nuevo en el servidor de pruebas para el acceso 7868,crear_usuario
Acceso nuevo en el servidor de pruebas para el acceso 5737,crear_usuario
Acceso nuevo en el servidor principal para el acceso 5785,crear_usuario
Acceso nuevo en el servidor de pruebas para el acceso 8294,crear_usuario
Acceso nuevo en el servidor principal para el acceso 7660,crear_usuario
Acceso nuevo en el servidor de pruebas para el acceso 6663,crear_usuario
Acceso nuevo en el servidor de pruebas para el acceso 4167,crear_usuario
Acceso nuevo en el servidor de pruebas para el acceso 2142,crear_usuario
Acceso nuevo en el servidor de desarrollo para el acceso 1947,crear_usuario
Acceso nuevo en el servidor de desarrollo para el acceso 1778,crear_usuario
Acceso nuevo en el servidor de pruebas para el acceso 6092,crear_usuario
Acceso nuevo en el servidor de desarrollo para el acceso 3256,crear_usuario
Acceso nuevo en el servidor de pruebas para el acceso 5185,crear_usuario
Acceso nuevo en el servidor principal para el acceso 4248,crear_usuario
Acceso nuevo en el servidor principal para el acceso 3656,crear_usuario
Acceso nuevo en el servidor principal para el acceso 7890,crear_usuario
Acceso nuevo en el servidor de pruebas para el acceso 7292,crear_usuario
Acceso nuevo en el servidor principal para el acceso 5412,crear_usuario
Acceso nuevo en el servidor de pruebas para el acceso 4678,crear_usuario
Acceso nuevo en el servidor principal para el acceso 7524,crear_usuario
Acceso nuevo en el servidor de desarrollo para el acceso 6668,crear_usuario
Acceso nuevo en el servidor de desarrollo para el acceso 4301,crear_usuario
Acceso nuevo en el servidor de ventas para el acceso 2479,crear_usuario
Acceso nuevo en el servidor principal para el acceso 5955,crear_usuario
Acceso nuevo en el servidor de desarrollo para el acceso 6689,crear_usuario
Acceso nuevo en el servidor de pruebas para el acceso 1387,crear_usuario
Acceso nuevo en el servidor de desarrollo para el acceso 4685,crear_usuario
Acceso nuevo en el servidor principal para el acceso 2912,crear_usuario
Acceso nuevo en el servidor de desarrollo para el acceso 8800,crear_usuario
Acceso nuevo en el servidor principal para el acceso 3372,crear_usuario
Acceso nuevo en el servidor de desarrollo para el acceso 1555,crear_usuario
Acceso nuevo en el servidor de ventas para el acceso 5727,crear_usuario
Acceso nuevo en el servidor de pruebas para el acceso 3974,crear_usuario
Acceso nuevo para el acceso 5569 en el servidor de desarrollo,crear_usuario
Acceso nuevo para el acceso 7499 en el servidor principal,crear_usuario
Acceso nuevo para el acceso 8018 en el servidor principal,crear_usuario
Acceso nuevo para el acceso 1589 en el servidor de desarrollo,crear_usuario
Acceso nuevo para el acceso 9860 en el servidor de desarrollo,crear_usuario
Acceso nuevo para el acceso 8301 en el servidor de ventas,crear_usuario
Acceso nuevo para el acceso 9047 en el servidor de pruebas,crear_usuario
Acceso nuevo para el acceso 4905 en el servidor de ventas,crear_usuario
Acceso nuevo para el acceso 6559 en el servidor de ventas,crear_usuario
Acceso nuevo para el acceso 2186 en el servidor de ventas,crear_usuario
Acceso nuevo para el acceso 8101 en el servidor principal,crear_usuario
Acceso nuevo para el acceso 3699 en el servidor de ventas,crear_usuario
Acceso nuevo para el acceso 4952 en el servidor de pruebas,crear_usuario
Acceso nuevo para el acceso 2280 en el servidor de desarrollo,crear_usuario
Acceso nuevo para el acceso 4362 en el servidor de pruebas,crear_usuario
Acceso nuevo para el acceso 1553 en el servidor de desarrollo,crear_usuario
Acceso nuevo para el acceso 4577 en el servidor de desarrollo,crear_usuario
Acceso nuevo para el acceso 2711 en el servidor principal,crear_usuario
Acceso nuevo para el acceso 2534 en el servidor de desarrollo,crear_usuario
Acceso nuevo para el acceso 7407 en el servidor de pruebas,crear_usuario
Acceso nuevo para el acceso 3723 en el servidor de pruebas,crear_usuario
Acceso nuevo para el acceso 1240 en el servidor de desarrollo,crear_usuario
Acceso nuevo para el acceso 7802 en el servidor de ventas,crear_usuario
Acceso nuevo para el acceso 9656 en el servidor principal,crear_usuario
Acceso nuevo para el acceso 7901 en el servidor de ventas,crear_usuario
Acceso nuevo para el acceso 8232 en el servidor de ventas,crear_usuario
Acceso nuevo para el acceso 8243 en el servidor de desarrollo,crear_usuario
Acceso nuevo para el acceso 7993 en el servidor de pruebas,crear_usuario
Acceso nuevo para el acceso 2109 en el servidor principal,crear_usuario
Acceso nuevo para el acceso 4098 en el servidor de pruebas,crear_usuario
Acceso nuevo para el acceso 1356 en el servidor de desarrollo,crear_usuario
Acceso nuevo para el acceso 7744 en el servidor de pruebas,crear_usuario
Acceso nuevo para el acceso 3359 en el servidor de pruebas,crear_usuario
Acceso nuevo para el acceso 6104 en el servidor principal,crear_usuario
Acceso nuevo para el acceso 3114 en el servidor de desarrollo,crear_usuario
Acceso nuevo para el acceso 2361 en el servidor principal,crear_usuario
Acceso nuevo para el acceso 2188 en el servidor principal,crear_usuario
Acceso nuevo para el acceso 2267 en el servidor de ventas,crear_usuario
Acceso nuevo para el acceso 3726 en el servidor de pruebas,crear_usuario
Acceso nuevo para el acceso 2545 en el servidor de desarrollo,crear_usuario
Acceso nuevo para el acceso 4857 en el servidor de desarrollo,crear_usuario
Acceso nuevo para el acceso 2856 en el servidor de desarrollo,crear_usuario
Acceso nuevo para el acceso 8830 en el servidor de pruebas,crear_usuario
Acceso nuevo para el acceso 5546 en el servidor de ventas,crear_usuario
Acceso nuevo para el acceso 2187 en el servidor principal,crear_usuario
Acceso nuevo para el acceso 5389 en el servidor de pruebas,crear_usuario
Acceso nuevo para el acceso 9280 en el servidor de ventas,crear_usuario
Acceso nuevo para el acceso 9246 en el servidor principal,crear_usuario
Acceso nuevo para el acceso 4853 en el servidor de ventas,crear_usuario
Acceso nuevo para el acceso 3315 en el servidor de desarrollo,crear_usuario
Crear un acceso en el servidor de pruebas para el acceso 6788,crear_usuario
Crear un acceso en el servidor principal para el acceso 9926,crear_usuario
Crear un acceso en el servidor de pruebas para el acceso 1935,crear_usuario
Crear un acceso en el servidor principal para el acceso 2254,crear_usuario
Crear un acceso en el servidor de ventas para el acceso 6111,crear_usuario
Crear un acceso en el servidor de desarrollo para el acceso 9858,crear_usuario
Crear un acceso en el servidor principal para el acceso 1670,crear_usuario
Crear un acceso en el servidor principal para el acceso 8721,crear_usuario
Crear un acceso en el servidor principal para el acceso 9769,crear_usuario
Crear un acceso en el servidor principal para el acceso 6364,crear_usuario
Crear un acceso en el servidor de desarrollo para el acceso 2174,crear_usuario
Crear un acceso en el servidor de pruebas para el acceso 8848,crear_usuario
Crear un acceso en el servidor de ventas para el acceso 7370,crear_usuario
Crear un acceso en el servidor de desarrollo para el acceso 7113,crear_usuario
Crear un acceso en el servidor principal para el acceso 8301,crear_usuario
Crear un acceso en el servidor de desarrollo para el acceso 6252,crear_usuario
Crear un acceso en el servidor principal para el acceso 2167,crear_usuario
Crear un acceso en el servidor de ventas para el acceso 5826,crear_usuario
Crear un acceso en el servidor de ventas para el acceso 7873,crear_usuario
Crear un acceso en el servidor de desarrollo para el acceso 4516,crear_usuario
Crear un acceso en el servidor de desarrollo para el acceso 4696,crear_usuario
Crear un acceso en el servidor de pruebas para el acceso 1882,crear_usuario
Crear un acceso en el servidor de desarrollo para el acceso 4447,crear_usuario
Crear un acceso en el servidor de desarrollo para el acceso 6168,crear_usuario
Crear un acceso en el servidor principal para el acceso 8606,crear_usuario
Crear un acceso en el servidor principal para el acceso 9848,crear_usuario
Crear un acceso en el servidor de ventas para el acceso 7586,crear_usuario
Crear un acceso en el servidor de desarrollo para el acceso 5773,crear_usuario
Crear un acceso en el servidor principal para el acceso 2002,crear_usuario
Crear un acceso en el servidor de desarrollo para el acceso 6577,crear_usuario
Crear un acceso en el servidor de pruebas para el acceso 9444,crear_usuario
Crear un acceso en el servidor de desarrollo para el acceso 7365,crear_usuario
Crear un acceso en el servidor de pruebas para el acceso 3123,crear_usuario
Crear un acceso en el servidor de desarrollo para el acceso 5600,crear_usuario
Crear un acceso en el servidor de ventas para el acceso 6389,crear_usuario
Crear un acceso en el servidor de pruebas para el acceso 7806,crear_usuario
Crear un acceso en el servidor de ventas para el acceso 7087,crear_usuario
Crear un acceso en el servidor de desarrollo para el acceso 4997,crear_usuario
Crear un acceso en el servidor principal para el acceso 7510,crear_usuario
Crear un acceso en el servidor principal para el acceso 9351,crear_usuario
Crear un acceso en el servidor de pruebas para el acceso 4605,crear_usuario
Crear un acceso en el servidor de pruebas para el acceso 8765,crear_usuario
Crear un acceso en el servidor principal para el acceso 7418,crear_usuario
Crear un acceso en el servidor de desarrollo para el acceso 9605,crear_usuario
Crear un acceso en el servidor de ventas para el acceso 9885,crear_usuario
Crear un acceso en el servidor de desarrollo para el acceso 8194,crear_usuario
Crear un acceso en el servidor de pruebas para el acceso 6880,crear_usuario
Crear un acceso en el servidor de ventas para el acceso 7226,crear_usuario
Crear un acceso en el servidor principal para el acceso 7928,crear_usuario
Crear un acceso en el servidor de desarrollo para el acceso 3011,crear_usuario
ayudame a crear un acceso en el servidor de desarrollo para el acceso 9262,crear_usuario
ayudame a crear un acceso en el servidor de desarrollo para el acceso 7020,crear_usuario
ayudame a crear un acceso en el servidor de pruebas para el acceso 8036,crear_usuario
ayudame a crear un acceso en el servidor de desarrollo para el acceso 5970,crear_usuario
ayudame a crear un acceso en el servidor principal para el acceso 3066,crear_usuario
ayudame a crear un acceso en el servidor de pruebas para el acceso 9289,crear_usuario
ayudame a crear un acceso en el servidor de pruebas para el acceso 5068,crear_usuario
ayudame a crear un acceso en el servidor principal para el acceso 7861,crear_usuario
ayudame a crear un acceso en el servidor principal para el acceso 2931,crear_usuario
ayudame a crear un acceso en el servidor de ventas para el acceso 2047,crear_usuario
ayudame a crear un acceso en el servidor de ventas para el acceso 5359,crear_usuario
ayudame a crear un acceso en el servidor de pruebas para el acceso 2393,crear_usuario
ayudame a crear un acceso en el servidor principal para el acceso 9269,crear_usuario
ayudame a crear un acceso en el servidor de ventas para el acceso 4559,crear_usuario
ayudame a crear un acceso en el servidor principal para el acceso 7841,crear_usuario
ayudame a crear un acceso en el servidor de pruebas para el acceso 8773,crear_usuario
ayudame a crear un acceso en el servidor de pruebas para el acceso 5472,crear_usuario
ayudame a crear un acceso en el servidor principal para el acceso 1093,crear_usuario
ayudame a crear un acceso en el servidor principal para el acceso 5381,crear_usuario
ayudame a crear un acceso en el servidor de desarrollo para el acceso 8971,crear_usuario
ayudame a crear un acceso en el servidor principal para el acceso 1686,crear_usuario
ayudame a crear un acceso en el servidor de ventas para el acceso 4776,crear_usuario
ayudame a crear un acceso en el servidor de desarrollo para el acceso 5857,crear_usuario
ayudame a crear un acceso en el servidor de pruebas para el acceso 7788,crear_usuario
ayudame a crear un acceso en el servidor de ventas para el acceso 9229,crear_usuario
ayudame a crear un acceso en el servidor de desarrollo para el acceso 1785,crear_usuario
ayudame a crear un acceso en el servidor de ventas para el acceso 5268,crear_usuario
ayudame a crear un acceso en el servidor de pruebas para el acceso 2140,crear_usuario
ayudame a crear un acceso en el servidor de ventas para el acceso 3451,crear_usuario
ayudame a crear un acceso en el servidor de desarrollo para el acceso 7244,crear_usuario
ayudame a crear un acceso en el servidor de ventas para el acceso 1254,crear_usuario
ayudame a crear un acceso en el servidor de desarrollo para el acceso 9829,crear_usuario
ayudame a crear un acceso en el servidor principal para el acceso 8641,crear_usuario
ayudame a crear un acceso en el servidor principal para el acceso 4550,crear_usuario
ayudame a crear un acceso en el servidor de desarrollo para el acceso 8600,crear_usuario
ayudame a crear un acceso en el servidor de desarrollo para el acceso 4529,crear_usuario
ayudame a crear un acceso en el servidor de desarrollo para el acceso 5779,crear_usuario
ayudame a crear un acceso en el servidor de desarrollo para el acceso 2668,crear_usuario
ayudame a crear un acceso en el servidor de pruebas para el acceso 9647,crear_usuario
ayudame a crear un acceso en el servidor principal para el acceso 9775,crear_usuario
ayudame a crear un acceso en el servidor de desarrollo para el acceso 7064,crear_usuario
ayudame a crear un acceso en el servidor de desarrollo para el acceso 4130,crear_usuario
ayudame a crear un acceso en el servidor de ventas para el acceso 1176,crear_usuario
ayudame a crear un acceso en el servidor de pruebas para el acceso 4763,crear_usuario
ayudame a crear un acceso en el servidor de ventas para el acceso 6661,crear_usuario
ayudame a crear un acceso en el servidor de ventas para el acceso 1760,crear_usuario
ayudame a crear un acceso en el servidor de ventas para el acceso 5173,crear_usuario
ayudame a crear un acceso en el servidor de pruebas para el acceso 7272,crear_usuario
ayudame a crear un acceso en el servidor de pruebas para el acceso 6218,crear_usuario
ayudame a crear un acceso en el servidor de pruebas para el acceso 1200,crear_usuario
porfavor crea un acceso en el servidor principal para el acceso 7822,crear_usuario
porfavor crea un acceso en el servidor de desarrollo para el acceso 5698,crear_usuario
porfavor crea un acceso en el servidor de ventas para el acceso 7371,crear_usuario
porfavor crea un acceso en el servidor de ventas para el acceso 1737,crear_usuario
porfavor crea un acceso en el servidor principal para el acceso 5556,crear_usuario
porfavor crea un acceso en el servidor de desarrollo para el acceso 9655,crear_usuario
porfavor crea un acceso en el servidor de ventas para el acceso 5131,crear_usuario
porfavor crea un acceso en el servidor de pruebas para el acceso 4051,crear_usuario
porfavor crea un acceso en el servidor de desarrollo para el acceso 2042,crear_usuario
porfavor crea un acceso en el servidor de ventas para el acceso 5938,crear_usuario
porfavor crea un acceso en el servidor de ventas para el acceso 3938,crear_usuario
porfavor crea un acceso en el servidor de pruebas para el acceso 8039,crear_usuario
porfavor crea un acceso en el servidor de ventas para el acceso 1039,crear_usuario
porfavor crea un acceso en el servidor de desarrollo para el acceso 4929,crear_usuario
porfavor crea un acceso en el servidor de pruebas para el acceso 8210,crear_usuario
porfavor crea un acceso en el servidor de ventas para el acceso 3641,crear_usuario
porfavor crea un acceso en el servidor principal para el acceso 1423,crear_usuario
porfavor crea un acceso en el servidor de ventas para el acceso 9815,crear_usuario
porfavor crea un acceso en el servidor de ventas para el acceso 4033,crear_usuario
porfavor crea un acceso en el servidor de ventas para el acceso 2808,crear_usuario
porfavor crea un acceso en el servidor principal para el acceso 8589,crear_usuario
porfavor crea un acceso en el servidor principal para el acceso 8644,crear_usuario
porfavor crea un acceso en el servidor de desarrollo para el acceso 2022,crear_usuario
porfavor crea un acceso en el servidor de desarrollo para el acceso 2144,crear_usuario
porfavor crea un acceso en el servidor de pruebas para el acceso 8208,crear_usuario
porfavor crea un acceso en el servidor de ventas para el acceso 7847,crear_usuario
porfavor crea un acceso en el servidor de pruebas para el acceso 9950,crear_usuario
porfavor crea un acceso en el servidor de pruebas para el acceso 4074,crear_usuario
porfavor crea un acceso en el servidor de desarrollo para el acceso 7040,crear_usuario
porfavor crea un acceso en el servidor de desarrollo para el acceso 5216,crear_usuario
porfavor crea un acceso en el servidor principal para el acceso 5361,crear_usuario
porfavor crea un acceso en el servidor de pruebas para el acceso 7806,crear_usuario
porfavor crea un acceso en el servidor principal para el acceso 4428,crear_usuario
porfavor crea un acceso en el servidor principal para el acceso 7330,crear_usuario
porfavor crea un acceso en el servidor de pruebas para el acceso 3739,crear_usuario
porfavor crea un acceso en el servidor de ventas para el acceso 8626,crear_usuario
porfavor crea un acceso en el servidor de ventas para el acceso 3447,crear_usuario
porfavor crea un acceso en el servidor de pruebas para el acceso 4965,crear_usuario
porfavor crea un acceso en el servidor de desarrollo para el acceso 4760,crear_usuario
porfavor crea un acceso en el servidor principal para el acceso 1205,crear_usuario
porfavor crea un acceso en el servidor principal para el acceso 8004,crear_usuario
porfavor crea un acceso en el servidor de ventas para el acceso 8242,crear_usuario
porfavor crea un acceso en el servidor de desarrollo para el acceso 1895,crear_usuario
porfavor crea un acceso en el servidor principal para el acceso 4193,crear_usuario
porfavor crea un acceso en el servidor de desarrollo para el acceso 3198,crear_usuario
porfavor crea un acceso en el servidor de desarrollo para el acceso 4725,crear_usuario
porfavor crea un acceso en el servidor principal para el acceso 4103,crear_usuario
porfavor crea un acceso en el servidor de desarrollo para el acceso 5404,crear_usuario
porfavor crea un acceso en el servidor de desarrollo para el acceso 1513,crear_usuario
porfavor crea un acceso en el servidor principal para el acceso 6618,crear_usuario
porfavor crea un acceso para el acceso 1672 en el servidor de pruebas,crear_usuario
porfavor crea un acceso para el acceso 2026 en el servidor principal,crear_usuario
porfavor crea un acceso para el acceso 4204 en el servidor de ventas,crear_usuario
porfavor crea un acceso para el acceso 3813 en el servidor de desarrollo,crear_usuario
porfavor crea un acceso para el acceso 3175 en el servidor principal,crear_usuario
porfavor crea un acceso para el acceso 3941 en el servidor de ventas,crear_usuario
porfavor crea un acceso para el acceso 3484 en el servidor de desarrollo,crear_usuario
porfavor crea un acceso para el acceso 1447 en el servidor de pruebas,crear_usuario
porfavor crea un acceso para el acceso 5833 en el servidor de ventas,crear_usuario
porfavor crea un acceso para el acceso 8412 en el servidor de desarrollo,crear_usuario
porfavor crea un acceso para el acceso 4041 en el servidor de ventas,crear_usuario
porfavor crea un acceso para el acceso 8518 en el servidor principal,crear_usuario
porfavor crea un acceso para el acceso 6097 en el servidor de ventas,crear_usuario
porfavor crea un acceso para el acceso 7426 en el servidor de pruebas,crear_usuario
porfavor crea un acceso para el acceso 6418 en el servidor de pruebas,crear_usuario
porfavor crea un acceso para el acceso 4214 en el servidor de pruebas,crear_usuario
porfavor crea un acceso para el acceso 8094 en el servidor de ventas,crear_usuario
porfavor crea un acceso para el acceso 6883 en el servidor de pruebas,crear_usuario
porfavor crea un acceso para el acceso 1310 en el servidor principal,crear_usuario
porfavor crea un acceso para el acceso 3121 en el servidor de desarrollo,crear_usuario
porfavor crea un acceso para el acceso 2414 en el servidor de ventas,crear_usuario
porfavor crea un acceso para el acceso 2275 en el servidor de desarrollo,crear_usuario
porfavor crea un acceso para el acceso 3123 en el servidor de desarrollo,crear_usuario
porfavor crea un acceso para el acceso 3457 en el servidor principal,crear_usuario
porfavor crea un acceso para el acceso 2647 en el servidor principal,crear_usuario
porfavor crea un acceso para el acceso 3477 en el servidor principal,crear_usuario
porfavor crea un acceso para el acceso 2420 en el servidor principal,crear_usuario
porfavor crea un acceso para el acceso 9616 en el servidor de ventas,crear_usuario
porfavor crea un acceso para el acceso 6380 en el servidor principal,crear_usuario
porfavor crea un acceso para el acceso 6484 en el servidor de ventas,crear_usuario
porfavor crea un acceso para el acceso 7677 en el servidor de desarrollo,crear_usuario
porfavor crea un acceso para el acceso 7491 en el servidor de pruebas,crear_usuario
porfavor crea un acceso para el acceso 2616 en el servidor de pruebas,crear_usuario
porfavor crea un acceso para el acceso 6606 en el servidor de pruebas,crear_usuario
porfavor crea un acceso para el acceso 5249 en el servidor de ventas,crear_usuario
porfavor crea un acceso para el acceso 8233 en el servidor principal,crear_usuario
porfavor crea un acceso para el acceso 3753 en el servidor de desarrollo,crear_usuario
porfavor crea un acceso para el acceso 2603 en el servidor de desarrollo,crear_usuario
porfavor crea un acceso para el acceso 6190 en el servidor principal,crear_usuario
porfavor crea un acceso para el acceso 7660 en el servidor de pruebas,crear_usuario
porfavor crea un acceso para el acceso 2066 en el servidor de desarrollo,crear_usuario
porfavor crea un acceso para el acceso 2565 en el servidor de desarrollo,crear_usuario
porfavor crea un acceso para el acceso 6060 en el servidor de pruebas,crear_usuario
porfavor crea un acceso para el acceso 5758 en el servidor de pruebas,crear_usuario
porfavor crea un acceso para el acceso 2175 en el servidor de pruebas,crear_usuario
porfavor crea un acceso para el acceso 3566 en el servidor de pruebas,crear_usuario
porfavor crea un acceso para el acceso 4865 en el servidor de desarrollo,crear_usuario
porfavor crea un acceso para el acceso 9788 en el servidor de ventas,crear_usuario
porfavor crea un acceso para el acceso 4267 en el servidor principal,crear_usuario
porfavor crea un acceso para el acceso 5340 en el servidor de desarrollo,crear_usuario
podrias crear un acceso en el servidor de pruebas para el acceso 2497,crear_usuario
podrias crear un acceso en el servidor de desarrollo para el acceso 7399,crear_usuario
podrias crear un acceso en el servidor de pruebas para el acceso 2361,crear_usuario
podrias crear un acceso en el servidor de pruebas para el acceso 2272,crear_usuario
podrias crear un acceso en el servidor de desarrollo para el acceso 7174,crear_usuario
podrias crear un acceso en el servidor de desarrollo para el acceso 9074,crear_usuario
podrias crear un acceso en el servidor de desarrollo para el acceso 6876,crear_usuario
podrias crear un acceso en el servidor de ventas para el acceso 8388,crear_usuario
podrias crear un acceso en el servidor principal para el acceso 4131,crear_usuario
podrias crear un acceso en el servidor de desarrollo para el acceso 9343,crear_usuario
podrias crear un acceso en el servidor principal para el acceso 4520,crear_usuario
podrias crear un acceso en el servidor de pruebas para el acceso 4499,crear_usuario
podrias crear un acceso en el servidor de pruebas para el acceso 9755,crear_usuario
podrias crear un acceso en el servidor de pruebas para el acceso 2127,crear_usuario
podrias crear un acceso en el servidor de pruebas para el acceso 1852,crear_usuario
podrias crear un acceso en el servidor principal para el acceso 8168,crear_usuario
podrias crear un acceso en el servidor principal para el acceso 3449,crear_usuario
podrias crear un acceso en el servidor de ventas para el acceso 2625,crear_usuario
podrias crear un acceso en el servidor de desarrollo para el acceso 9056,crear_usuario
podrias crear un acceso en el servidor principal para el acceso 5535,crear_usuario
podrias crear un acceso en el servidor de ventas para el acceso 9136,crear_usuario
podrias crear un acceso en el servidor de pruebas para el acceso 3046,crear_usuario
podrias crear un acceso en el servidor de ventas para el acceso 6223,crear_usuario
podrias crear un acceso en el servidor principal para el acceso 2893,crear_usuario
podrias crear un acceso en el servidor de pruebas para el acceso 4768,crear_usuario
podrias crear un acceso en el servidor de desarrollo para el acceso 2859,crear_usuario
podrias crear un acceso en el servidor de ventas para el acceso 2160,crear_usuario
podrias crear un acceso en el servidor de ventas para el acceso 5089,crear_usuario
podrias crear un acceso en el servidor de pruebas para el acceso 4103,crear_usuario
podrias crear un acceso en el servidor de desarrollo para el acceso 5194,crear_usuario
podrias crear un acceso en el servidor de desarrollo para el acceso 7436,crear_usuario
podrias crear un acceso en el servidor principal para el acceso 9977,crear_usuario
podrias crear un acceso en el servidor principal para el acceso 7163,crear_usuario
podrias crear un acceso en el servidor de desarrollo para el acceso 5307,crear_usuario
podrias crear un acceso en el servidor de ventas para el acceso 2434,crear_usuario
podrias crear un acceso en el servidor de ventas para el acceso 7027,crear_usuario
podrias crear un acceso en el servidor principal para el acceso 8684,crear_usuario
podrias crear un acceso en el servidor de desarrollo para el acceso 2007,crear_usuario
podrias crear un acceso en el servidor principal para el acceso 7923,crear_usuario
podrias crear un acceso en el servidor de ventas para el acceso 9429,crear_usuario
podrias crear un acceso en el servidor principal para el acceso 8971,crear_usuario
podrias crear un acceso en el servidor principal para el acceso 9953,crear_usuario
podrias crear un acceso en el servidor principal para el acceso 4804,crear_usuario
podrias crear un acceso en el servidor principal para el acceso 9015,crear_usuario
podrias crear un acceso en el servidor de desarrollo para el acceso 1134,crear_usuario
podrias crear un acceso en el servidor de pruebas para el acceso 3143,crear_usuario
podrias crear un acceso en el servidor principal para el acceso 4831,crear_usuario
podrias crear un acceso en el servidor principal para el acceso 3345,crear_usuario
podrias crear un acceso en el servidor de pruebas para el acceso 5078,crear_usuario
podrias crear un acceso en el servidor de desarrollo para el acceso 7951,crear_usuario
podrias crear un acceso para el acceso 1196 en el servidor principal,crear_usuario
podrias crear un acceso para el acceso 6006 en el servidor de desarrollo,crear_usuario
podrias crear un acceso para el acceso 6349 en el servidor de pruebas,crear_usuario
podrias crear un acceso para el acceso 1192 en el servidor principal,crear_usuario
podrias crear un acceso para el acceso 1673 en el servidor de desarrollo,crear_usuario
podrias crear un acceso para el acceso 6152 en el servidor principal,crear_usuario
podrias crear un acceso para el acceso 3929 en el servidor de desarrollo,crear_usuario
podrias crear un acceso para el acceso 2492 en el servidor de desarrollo,crear_usuario
podrias crear un acceso para el acceso 5009 en el servidor principal,crear_usuario
podrias crear un acceso para el acceso 5815 en el servidor de ventas,crear_usuario
podrias crear un acceso para el acceso 4897 en el servidor de desarrollo,crear_usuario
podrias crear un acceso para el acceso 4611 en el servidor principal,crear_usuario
podrias crear un acceso para el acceso 7780 en el servidor de desarrollo,crear_usuario
podrias crear un acceso para el acceso 4334 en el servidor de ventas,crear_usuario
podrias crear un acceso para el acceso 7281 en el servidor de ventas,crear_usuario
podrias crear un acceso para el acceso 6510 en el servidor de ventas,crear_usuario
podrias crear un acceso para el acceso 2843 en el servidor principal,crear_usuario
podrias crear un acceso para el acceso 1319 en el servidor de pruebas,crear_usuario
podrias crear un acceso para el acceso 9871 en el servidor de ventas,crear_usuario
podrias crear un acceso para el acceso 2752 en el servidor de pruebas,crear_usuario
podrias crear un acceso para el acceso 5584 en el servidor principal,crear_usuario
podrias crear un acceso para el acceso 3919 en el servidor de ventas,crear_usuario
podrias crear un acceso para el acceso 2900 en el servidor de pruebas,crear_usuario
podrias crear un acceso para el acceso 5359 en el servidor de desarrollo,crear_usuario
podrias crear un acceso para el acceso 8614 en el servidor de ventas,crear_usuario
podrias crear un acceso para el acceso 9024 en el servidor de pruebas,crear_usuario
podrias crear un acceso para el acceso 1941 en el servidor de ventas,crear_usuario
podrias crear un acceso para el acceso 6330 en el servidor de desarrollo,crear_usuario
podrias crear un acceso para el acceso 7505 en el servidor de ventas,crear_usuario
podrias crear un acceso para el acceso 5566 en el servidor de pruebas,crear_usuario
podrias crear un acceso para el acceso 4330 en el servidor principal,crear_usuario
podrias crear un acceso para el acceso 4312 en el servidor de pruebas,crear_usuario
podrias crear un acceso para el acceso 8492 en el servidor de pruebas,crear_usuario
podrias crear un acceso para el acceso 7320 en el servidor principal,crear_usuario
podrias crear un acceso para el acceso 7914 en el servidor de ventas,crear_usuario
podrias crear un acceso para el acceso 7902 en el servidor de desarrollo,crear_usuario
podrias crear un acceso para el acceso 5981 en el servidor de pruebas,crear_usuario
podrias crear un acceso para el acceso 1558 en el servidor principal,crear_usuario
podrias crear un acceso para el acceso 4136 en el servidor de ventas,crear_usuario
podrias crear un acceso para el acceso 1697 en el servidor de pruebas,crear_usuario
podrias crear un acceso para el acceso 9143 en el servidor de desarrollo,crear_usuario
podrias crear un acceso para el acceso 4961 en el servidor de ventas,crear_usuario
podrias crear un acceso para el acceso 1186 en el servidor de ventas,crear_usuario
podrias crear un acceso para el acceso 9715 en el servidor de desarrollo,crear_usuario
podrias crear un acceso para el acceso 8213 en el servidor de pruebas,crear_usuario
podrias crear un acceso para el acceso 6089 en el servidor de ventas,crear_usuario
podrias crear un acceso para el acceso 2019 en el servidor de pruebas,crear_usuario
podrias crear un acceso para el acceso 5088 en el servidor de pruebas,crear_usuario
podrias crear un acceso para el acceso 3326 en el servidor principal,crear_usuario
podrias crear un acceso para el acceso 5801 en el servidor de ventas,crear_usuario
ayudame a crewar un acceso en el servidor de pruebas para el acceso 7682,crear_usuario
ayudame a crewar un acceso en el servidor de desarrollo para el acceso 3346,crear_usuario
ayudame a crewar un acceso en el servidor de ventas para el acceso 5966,crear_usuario
ayudame a crewar un acceso en el servidor de desarrollo para el acceso 4545,crear_usuario
ayudame a crewar un acceso en el servidor de pruebas para el acceso 5583,crear_usuario
ayudame a crewar un acceso en el servidor principal para el acceso 3658,crear_usuario
ayudame a crewar un acceso en el servidor de pruebas para el acceso 7026,crear_usuario
ayudame a crewar un acceso en el servidor de pruebas para el acceso 4534,crear_usuario
ayudame a crewar un acceso en el servidor de ventas para el acceso 4537,crear_usuario
ayudame a crewar un acceso en el servidor principal para el acceso 8081,crear_usuario
ayudame a crewar un acceso en el servidor de ventas para el acceso 6248,crear_usuario
ayudame a crewar un acceso en el servidor de ventas para el acceso 6571,crear_usuario
ayudame a crewar un acceso en el servidor de pruebas para el acceso 9087,crear_usuario
ayudame a crewar un acceso en el servidor principal para el acceso 8269,crear_usuario
ayudame a crewar un acceso en el servidor de pruebas para el acceso 6776,crear_usuario
ayudame a crewar un acceso en el servidor de pruebas para el acceso 3924,crear_usuario
ayudame a crewar un acceso en el servidor de ventas para el acceso 5182,crear_usuario
ayudame a crewar un acceso en el servidor de pruebas para el acceso 3683,crear_usuario
ayudame a crewar un acceso en el servidor de ventas para el acceso 9230,crear_usuario
ayudame a crewar un acceso en el servidor de ventas para el acceso 4607,crear_usuario
ayudame a crewar un acceso en el servidor de desarrollo para el acceso 4548,crear_usuario
ayudame a crewar un acceso en el servidor de pruebas para el acceso 3620,crear_usuario
ayudame a crewar un acceso en el servidor de ventas para el acceso 7084,crear_usuario
ayudame a crewar un acceso en el servidor de pruebas para el acceso 6960,crear_usuario
ayudame a crewar un acceso en el servidor de desarrollo para el acceso 5415,crear_usuario
ayudame a crewar un acceso en el servidor principal para el acceso 9425,crear_usuario
ayudame a crewar un acceso en el servidor principal para el acceso 5808,crear_usuario
ayudame a crewar un acceso en el servidor de pruebas para el acceso 5797,crear_usuario
ayudame a crewar un acceso en el servidor de ventas para el acceso 5796,crear_usuario
ayudame a crewar un acceso en el servidor de pruebas para el acceso 4171,crear_usuario
ayudame a crewar un acceso en el servidor principal para el acceso 6095,crear_usuario
ayudame a crewar un acceso en el servidor de desarrollo para el acceso 1064,crear_usuario
ayudame a crewar un acceso en el servidor de pruebas para el acceso 1513,crear_usuario
ayudame a crewar un acceso en el servidor de pruebas para el acceso 1019,crear_usuario
ayudame a crewar un acceso en el servidor de pruebas para el acceso 9922,crear_usuario
ayudame a crewar un acceso en el servidor de pruebas para el acceso 8962,crear_usuario
ayudame a crewar un acceso en el servidor de pruebas para el acceso 6064,crear_usuario
ayudame a crewar un acceso en el servidor principal para el acceso 9245,crear_usuario
ayudame a crewar un acceso en el servidor principal para el acceso 9584,crear_usuario
ayudame a crewar un acceso en el servidor principal para el acceso 9403,crear_usuario
ayudame a crewar un acceso en el servidor de desarrollo para el acceso 3231,crear_usuario
ayudame a crewar un acceso en el servidor de desarrollo para el acceso 1692,crear_usuario
ayudame a crewar un acceso en el servidor de ventas para el acceso 9955,crear_usuario
ayudame a crewar un acceso en el servidor de pruebas para el acceso 1615,crear_usuario
ayudame a crewar un acceso en el servidor de pruebas para el acceso 7538,crear_usuario
ayudame a crewar un acceso en el servidor principal para el acceso 7781,crear_usuario
ayudame a crewar un acceso en el servidor de ventas para el acceso 8456,crear_usuario
ayudame a crewar un acceso en el servidor de desarrollo para el acceso 3275,crear_usuario
ayudame a crewar un acceso en el servidor de pruebas para el acceso 9954,crear_usuario
ayudame a crewar un acceso en el servidor de desarrollo para el acceso 6522,crear_usuario
ayudame a crear un acceso para el acceso 8574 en el servidor de ventas,crear_usuario
ayudame a crear un acceso para el acceso 3484 en el servidor de ventas,crear_usuario
ayudame a crear un acceso para el acceso 8417 en el servidor de ventas,crear_usuario
ayudame a crear un acceso para el acceso 6463 en el servidor principal,crear_usuario
ayudame a crear un acceso para el acceso 3602 en el servidor principal,crear_usuario
ayudame a crear un acceso para el acceso 1132 en el servidor principal,crear_usuario
ayudame a crear un acceso para el acceso 6290 en el servidor de pruebas,crear_usuario
ayudame a crear un acceso para el acceso 1766 en el servidor de desarrollo,crear_usuario
ayudame a crear un acceso para el acceso 4526 en el servidor de pruebas,crear_usuario
ayudame a crear un acceso para el acceso 1874 en el servidor principal,crear_usuario
ayudame a crear un acceso para el acceso 4819 en el servidor principal,crear_usuario
ayudame a crear un acceso para el acceso 6935 en el servidor de desarrollo,crear_usuario
ayudame a crear un acceso para el acceso 1021 en el servidor de ventas,crear_usuario
ayudame a crear un acceso para el acceso 5118 en el servidor principal,crear_usuario
ayudame a crear un acceso para el acceso 4574 en el servidor de desarrollo,crear_usuario
ayudame a crear un acceso para el acceso 2909 en el servidor de desarrollo,crear_usuario
ayudame a crear un acceso para el acceso 7505 en el servidor de pruebas,crear_usuario
ayudame a crear un acceso para el acceso 8410 en el servidor principal,crear_usuario
ayudame a crear un acceso para el acceso 3833 en el servidor principal,crear_usuario
ayudame a crear un acceso para el acceso 3807 en el servidor de pruebas,crear_usuario
ayudame a crear un acceso para el acceso 7217 en el servidor de ventas,crear_usuario
ayudame a crear un acceso para el acceso 6473 en el servidor de desarrollo,crear_usuario
ayudame a crear un acceso para el acceso 2450 en el servidor de pruebas,crear_usuario
ayudame a crear un acceso para el acceso 8802 en el servidor principal,crear_usuario
ayudame a crear un acceso para el acceso 3583 en el servidor de pruebas,crear_usuario
ayudame a crear un acceso para el acceso 4790 en el servidor de ventas,crear_usuario
ayudame a crear un acceso para el acceso 7063 en el servidor de pruebas,crear_usuario
ayudame a crear un acceso para el acceso 5102 en el servidor de ventas,crear_usuario
ayudame a crear un acceso para el acceso 3581 en el servidor de pruebas,crear_usuario
ayudame a crear un acceso para el acceso 1981 en el servidor principal,crear_usuario
ayudame a crear un acceso para el acceso 9166 en el servidor principal,crear_usuario
ayudame a crear un acceso para el acceso 4988 en el servidor principal,crear_usuario
ayudame a crear un acceso para el acceso 3613 en el servidor de desarrollo,crear_usuario
ayudame a crear un acceso para el acceso 4523 en el servidor de ventas,crear_usuario
ayudame a crear un acceso para el acceso 1697 en el servidor principal,crear_usuario
ayudame a crear un acceso para el acceso 6819 en el servidor de pruebas,crear_usuario
ayudame a crear un acceso para el acceso 5048 en el servidor de pruebas,crear_usuario
ayudame a crear un acceso para el acceso 1291 en el servidor de desarrollo,crear_usuario
ayudame a crear un acceso para el acceso 6528 en el servidor principal,crear_usuario
ayudame a crear un acceso para el acceso 5684 en el servidor principal,crear_usuario
ayudame a crear un acceso para el acceso 1192 en el servidor principal,crear_usuario
ayudame a crear un acceso para el acceso 5956 en el servidor principal,crear_usuario
ayudame a crear un acceso para el acceso 5879 en el servidor de desarrollo,crear_usuario
ayudame a crear un acceso para el acceso 6945 en el servidor principal,crear_usuario
ayudame a crear un acceso para el acceso 6042 en el servidor de desarrollo,crear_usuario
ayudame a crear un acceso para el acceso 5722 en el servidor de desarrollo,crear_usuario
ayudame a crear un acceso para el acceso 8430 en el servidor de desarrollo,crear_usuario
ayudame a crear un acceso para el acceso 7769 en el servidor de desarrollo,crear_usuario
ayudame a crear un acceso para el acceso 8093 en el servidor de desarrollo,crear_usuario
ayudame a crear un acceso para el acceso 9486 en el servidor de pruebas,crear_usuario
crear un acceso del servidor de ventas para el acceso 4188,crear_usuario
crear un acceso del servidor de ventas para el acceso 5072,crear_usuario
crear un acceso del servidor de pruebas para el acceso 1655,crear_usuario
crear un acceso del servidor principal para el acceso 1433,crear_usuario
crear un acceso del servidor de pruebas para el acceso 4933,crear_usuario
crear un acceso del servidor de desarrollo para el acceso 8111,crear_usuario
crear un acceso del servidor de pruebas para el acceso 1511,crear_usuario
crear un acceso del servidor principal para el acceso 6166,crear_usuario
crear un acceso del servidor de pruebas para el acceso 4718,crear_usuario
crear un acceso del servidor de ventas para el acceso 5215,crear_usuario
crear un acceso del servidor de desarrollo para el acceso 4803,crear_usuario
crear un acceso del servidor de ventas para el acceso 8103,crear_usuario
crear un acceso del servidor de desarrollo para el acceso 1884,crear_usuario
crear un acceso del servidor de ventas para el acceso 6805,crear_usuario
crear un acceso del servidor principal para el acceso 2576,crear_usuario
crear un acceso del servidor de ventas para el acceso 7510,crear_usuario
crear un acceso del servidor de ventas para el acceso 3764,crear_usuario
crear un acceso del servidor principal para el acceso 9293,crear_usuario
crear un acceso del servidor de desarrollo para el acceso 4415,crear_usuario
crear un acceso del servidor de pruebas para el acceso 2645,crear_usuario
crear un acceso del servidor de ventas para el acceso 1209,crear_usuario
crear un acceso del servidor de ventas para el acceso 9120,crear_usuario
crear un acceso del servidor principal para el acceso 4208,crear_usuario
crear un acceso del servidor de pruebas para el acceso 5100,crear_usuario
crear un acceso del servidor principal para el acceso 3279,crear_usuario
crear un acceso del servidor principal para el acceso 8936,crear_usuario
crear un acceso del servidor de pruebas para el acceso 3298,crear_usuario
crear un acceso del servidor de pruebas para el acceso 6562,crear_usuario
crear un acceso del servidor de ventas para el acceso 8367,crear_usuario
crear un acceso del servidor de ventas para el acceso 8004,crear_usuario
crear un acceso del servidor de pruebas para el acceso 4177,crear_usuario
crear un acceso del servidor de desarrollo para el acceso 6049,crear_usuario
crear un acceso del servidor de desarrollo para el acceso 8376,crear_usuario
crear un acceso del servidor principal para el acceso 6018,crear_usuario
crear un acceso del servidor de ventas para el acceso 6102,crear_usuario
crear un acceso del servidor principal para el acceso 7772,crear_usuario
crear un acceso del servidor principal para el acceso 6194,crear_usuario
crear un acceso del servidor de desarrollo para el acceso 2852,crear_usuario
crear un acceso del servidor de desarrollo para el acceso 8183,crear_usuario
crear un acceso del servidor de desarrollo para el acceso 1363,crear_usuario
crear un acceso del servidor de desarrollo para el acceso 9740,crear_usuario
crear un acceso del servidor de ventas para el acceso 1839,crear_usuario
crear un acceso del servidor principal para el acceso 7941,crear_usuario
crear un acceso del servidor de desarrollo para el acceso 4222,crear_usuario
crear un acceso del servidor principal para el acceso 3178,crear_usuario
crear un acceso del servidor de pruebas para el acceso 4345,crear_usuario
crear un acceso del servidor de ventas para el acceso 8217,crear_usuario
crear un acceso del servidor principal para el acceso 3533,crear_usuario
crear un acceso del servidor de ventas para el acceso 2552,crear_usuario
crear un acceso del servidor de desarrollo para el acceso 7515,crear_usuario
crear una cceso para el acceso 5909 en el servidor de pruebas,crear_usuario
crear una cceso para el acceso 8103 en el servidor de pruebas,crear_usuario
crear una cceso para el acceso 1757 en el servidor de pruebas,crear_usuario
crear una cceso para el acceso 7069 en el servidor de ventas,crear_usuario
crear una cceso para el acceso 3143 en el servidor de pruebas,crear_usuario
crear una cceso para el acceso 9464 en el servidor de pruebas,crear_usuario
crear una cceso para el acceso 7632 en el servidor de pruebas,crear_usuario
crear una cceso para el acceso 9116 en el servidor de pruebas,crear_usuario
crear una cceso para el acceso 3983 en el servidor de desarrollo,crear_usuario
crear una cceso para el acceso 4501 en el servidor principal,crear_usuario
crear una cceso para el acceso 2373 en el servidor de desarrollo,crear_usuario
crear una cceso para el acceso 2592 en el servidor de pruebas,crear_usuario
crear una cceso para el acceso 8456 en el servidor principal,crear_usuario
crear una cceso para el acceso 6662 en el servidor de desarrollo,crear_usuario
crear una cceso para el acceso 7206 en el servidor de desarrollo,crear_usuario
crear una cceso para el acceso 2268 en el servidor de pruebas,crear_usuario
crear una cceso para el acceso 8722 en el servidor de desarrollo,crear_usuario
crear una cceso para el acceso 4248 en el servidor principal,crear_usuario
crear una cceso para el acceso 7954 en el servidor de ventas,crear_usuario
crear una cceso para el acceso 9057 en el servidor de desarrollo,crear_usuario
crear una cceso para el acceso 8561 en el servidor de pruebas,crear_usuario
crear una cceso para el acceso 4999 en el servidor de desarrollo,crear_usuario
crear una cceso para el acceso 8781 en el servidor de desarrollo,crear_usuario
crear una cceso para el acceso 5451 en el servidor de pruebas,crear_usuario
crear una cceso para el acceso 1783 en el servidor de pruebas,crear_usuario
crear una cceso para el acceso 9407 en el servidor de desarrollo,crear_usuario
crear una cceso para el acceso 5045 en el servidor de desarrollo,crear_usuario
crear una cceso para el acceso 1413 en el servidor de ventas,crear_usuario
crear una cceso para el acceso 1771 en el servidor de ventas,crear_usuario
crear una cceso para el acceso 2679 en el servidor de desarrollo,crear_usuario
crear una cceso para el acceso 1222 en el servidor de pruebas,crear_usuario
crear una cceso para el acceso 6385 en el servidor principal,crear_usuario
crear una cceso para el acceso 7729 en el servidor de pruebas,crear_usuario
crear una cceso para el acceso 8174 en el servidor de ventas,crear_usuario
crear una cceso para el acceso 2278 en el servidor de pruebas,crear_usuario
crear una cceso para el acceso 5047 en el servidor de desarrollo,crear_usuario
crear una cceso para el acceso 7407 en el servidor principal,crear_usuario
crear una cceso para el acceso 6605 en el servidor de ventas,crear_usuario
crear una cceso para el acceso 6045 en el servidor de pruebas,crear_usuario
crear una cceso para el acceso 5703 en el servidor de pruebas,crear_usuario
crear una cceso para el acceso 9970 en el servidor de desarrollo,crear_usuario
crear una cceso para el acceso 4475 en el servidor de desarrollo,crear_usuario
crear una cceso para el acceso 7060 en el servidor de ventas,crear_usuario
crear una cceso para el acceso 9901 en el servidor de pruebas,crear_usuario
crear una cceso para el acceso 5697 en el servidor de ventas,crear_usuario
crear una cceso para el acceso 6657 en el servidor principal,crear_usuario
crear una cceso para el acceso 6898 en el servidor de desarrollo,crear_usuario
crear una cceso para el acceso 3358 en el servidor principal,crear_usuario
crear una cceso para el acceso 7857 en el servidor de pruebas,crear_usuario
crear una cceso para el acceso 5198 en el servidor de pruebas,crear_usuario
añadir un acceso para el acceso 6486 en el servidor principal,crear_usuario
añadir un acceso para el acceso 2637 en el servidor de pruebas,crear_usuario
añadir un acceso para el acceso 3830 en el servidor de pruebas,crear_usuario
añadir un acceso para el acceso 2008 en el servidor de desarrollo,crear_usuario
añadir un acceso para el acceso 9204 en el servidor de ventas,crear_usuario
añadir un acceso para el acceso 3850 en el servidor principal,crear_usuario
añadir un acceso para el acceso 3848 en el servidor de desarrollo,crear_usuario
añadir un acceso para el acceso 3512 en el servidor de pruebas,crear_usuario
añadir un acceso para el acceso 4581 en el servidor principal,crear_usuario
añadir un acceso para el acceso 7875 en el servidor de desarrollo,crear_usuario
añadir un acceso para el acceso 8691 en el servidor de desarrollo,crear_usuario
añadir un acceso para el acceso 6417 en el servidor de pruebas,crear_usuario
añadir un acceso para el acceso 5235 en el servidor de pruebas,crear_usuario
añadir un acceso para el acceso 8646 en el servidor de pruebas,crear_usuario
añadir un acceso para el acceso 1033 en el servidor de pruebas,crear_usuario
añadir un acceso para el acceso 4491 en el servidor principal,crear_usuario
añadir un acceso para el acceso 6514 en el servidor de ventas,crear_usuario
añadir un acceso para el acceso 3765 en el servidor de pruebas,crear_usuario
añadir un acceso para el acceso 3586 en el servidor principal,crear_usuario
añadir un acceso para el acceso 2606 en el servidor de desarrollo,crear_usuario
añadir un acceso para el acceso 6684 en el servidor principal,crear_usuario
añadir un acceso para el acceso 3475 en el servidor principal,crear_usuario
añadir un acceso para el acceso 5827 en el servidor principal,crear_usuario
añadir un acceso para el acceso 9683 en el servidor principal,crear_usuario
añadir un acceso para el acceso 1093 en el servidor de pruebas,crear_usuario
añadir un acceso para el acceso 5004 en el servidor de ventas,crear_usuario
añadir un acceso para el acceso 8932 en el servidor de pruebas,crear_usuario
añadir un acceso para el acceso 1082 en el servidor de desarrollo,crear_usuario
añadir un acceso para el acceso 6452 en el servidor de pruebas,crear_usuario
añadir un acceso para el acceso 7995 en el servidor de pruebas,crear_usuario
añadir un acceso para el acceso 3301 en el servidor de ventas,crear_usuario
añadir un acceso para el acceso 9341 en el servidor de desarrollo,crear_usuario
añadir un acceso para el acceso 2751 en el servidor principal,crear_usuario
añadir un acceso para el acceso 6462 en el servidor de pruebas,crear_usuario
añadir un acceso para el acceso 5255 en el servidor de pruebas,crear_usuario
añadir un acceso para el acceso 1596 en el servidor de pruebas,crear_usuario
añadir un acceso para el acceso 7275 en el servidor de pruebas,crear_usuario
añadir un acceso para el acceso 4463 en el servidor de pruebas,crear_usuario
añadir un acceso para el acceso 2058 en el servidor de pruebas,crear_usuario
añadir un acceso para el acceso 9527 en el servidor de desarrollo,crear_usuario
añadir un acceso para el acceso 4064 en el servidor principal,crear_usuario
añadir un acceso para el acceso 6056 en el servidor principal,crear_usuario
añadir un acceso para el acceso 7555 en el servidor de ventas,crear_usuario
añadir un acceso para el acceso 7161 en el servidor principal,crear_usuario
añadir un acceso para el acceso 5077 en el servidor principal,crear_usuario
añadir un acceso para el acceso 2627 en el servidor de desarrollo,crear_usuario
añadir un acceso para el acceso 4523 en el servidor de ventas,crear_usuario
añadir un acceso para el acceso 1115 en el servidor de desarrollo,crear_usuario
añadir un acceso para el acceso 3617 en el servidor de ventas,crear_usuario
añadir un acceso para el acceso 4072 en el servidor de pruebas,crear_usuario
añadir un acceso en el servidor de pruebas para el acceso 3739,crear_usuario
añadir un acceso en el servidor principal para el acceso 6596,crear_usuario
añadir un acceso en el servidor de desarrollo para el acceso 1741,crear_usuario
añadir un acceso en el servidor principal para el acceso 1563,crear_usuario
añadir un acceso en el servidor principal para el acceso 6782,crear_usuario
añadir un acceso en el servidor de desarrollo para el acceso 2025,crear_usuario
añadir un acceso en el servidor de ventas para el acceso 3573,crear_usuario
añadir un acceso en el servidor principal para el acceso 8134,crear_usuario
añadir un acceso en el servidor principal para el acceso 1248,crear_usuario
añadir un acceso en el servidor de ventas para el acceso 3086,crear_usuario
añadir un acceso en el servidor principal para el acceso 5299,crear_usuario
añadir un acceso en el servidor de desarrollo para el acceso 1374,crear_usuario
añadir un acceso en el servidor de desarrollo para el acceso 3824,crear_usuario
añadir un acceso en el servidor principal para el acceso 6919,crear_usuario
añadir un acceso en el servidor de desarrollo para el acceso 6476,crear_usuario
añadir un acceso en el servidor de ventas para el acceso 5446,crear_usuario
añadir un acceso en el servidor de ventas para el acceso 3987,crear_usuario
añadir un acceso en el servidor de desarrollo para el acceso 3246,crear_usuario
añadir un acceso en el servidor principal para el acceso 9956,crear_usuario
añadir un acceso en el servidor principal para el acceso 1041,crear_usuario
añadir un acceso en el servidor de desarrollo para el acceso 3823,crear_usuario
añadir un acceso en el servidor de ventas para el acceso 2344,crear_usuario
añadir un acceso en el servidor principal para el acceso 6531,crear_usuario
añadir un acceso en el servidor de ventas para el acceso 4615,crear_usuario
añadir un acceso en el servidor principal para el acceso 1500,crear_usuario
añadir un acceso en el servidor de desarrollo para el acceso 4254,crear_usuario
añadir un acceso en el servidor de pruebas para el acceso 1167,crear_usuario
añadir un acceso en el servidor de desarrollo para el acceso 8024,crear_usuario
añadir un acceso en el servidor de pruebas para el acceso 4153,crear_usuario
añadir un acceso en el servidor de pruebas para el acceso 2923,crear_usuario
añadir un acceso en el servidor de ventas para el acceso 5067,crear_usuario
añadir un acceso en el servidor de desarrollo para el acceso 9688,crear_usuario
añadir un acceso en el servidor principal para el acceso 5673,crear_usuario
añadir un acceso en el servidor de pruebas para el acceso 9790,crear_usuario
añadir un acceso en el servidor de pruebas para el acceso 5060,crear_usuario
añadir un acceso en el servidor principal para el acceso 7884,crear_usuario
añadir un acceso en el servidor de pruebas para el acceso 3245,crear_usuario
añadir un acceso en el servidor de desarrollo para el acceso 9636,crear_usuario
añadir un acceso en el servidor principal para el acceso 4747,crear_usuario
añadir un acceso en el servidor de desarrollo para el acceso 5245,crear_usuario
añadir un acceso en el servidor de pruebas para el acceso 1167,crear_usuario
añadir un acceso en el servidor de desarrollo para el acceso 9931,crear_usuario
añadir un acceso en el servidor de pruebas para el acceso 3177,crear_usuario
añadir un acceso en el servidor de desarrollo para el acceso 7333,crear_usuario
añadir un acceso en el servidor principal para el acceso 5292,crear_usuario
añadir un acceso en el servidor de ventas para el acceso 8103,crear_usuario
añadir un acceso en el servidor de desarrollo para el acceso 9917,crear_usuario
añadir un acceso en el servidor de ventas para el acceso 9295,crear_usuario
añadir un acceso en el servidor de ventas para el acceso 8181,crear_usuario
añadir un acceso en el servidor de pruebas para el acceso 7936,crear_usuario
registrar un acceso en el servidor de pruebas para el acceso 1522,crear_usuario
registrar un acceso en el servidor principal para el acceso 7002,crear_usuario
registrar un acceso en el servidor de pruebas para el acceso 8449,crear_usuario
registrar un acceso en el servidor de desarrollo para el acceso 5520,crear_usuario
registrar un acceso en el servidor principal para el acceso 6628,crear_usuario
registrar un acceso en el servidor de pruebas para el acceso 7548,crear_usuario
registrar un acceso en el servidor de ventas para el acceso 1666,crear_usuario
registrar un acceso en el servidor de ventas para el acceso 6968,crear_usuario
registrar un acceso en el servidor de pruebas para el acceso 1834,crear_usuario
registrar un acceso en el servidor de ventas para el acceso 9887,crear_usuario
registrar un acceso en el servidor de ventas para el acceso 5993,crear_usuario
registrar un acceso en el servidor de ventas para el acceso 1355,crear_usuario
registrar un acceso en el servidor principal para el acceso 1339,crear_usuario
registrar un acceso en el servidor de pruebas para el acceso 6419,crear_usuario
registrar un acceso en el servidor de pruebas para el acceso 6525,crear_usuario
registrar un acceso en el servidor principal para el acceso 1946,crear_usuario
registrar un acceso en el servidor de pruebas para el acceso 6344,crear_usuario
registrar un acceso en el servidor principal para el acceso 3238,crear_usuario
registrar un acceso en el servidor de ventas para el acceso 8727,crear_usuario
registrar un acceso en el servidor principal para el acceso 5217,crear_usuario
registrar un acceso en el servidor principal para el acceso 6036,crear_usuario
registrar un acceso en el servidor de pruebas para el acceso 6268,crear_usuario
registrar un acceso en el servidor de pruebas para el acceso 9481,crear_usuario
registrar un acceso en el servidor de desarrollo para el acceso 2324,crear_usuario
registrar un acceso en el servidor principal para el acceso 1453,crear_usuario
registrar un acceso en el servidor de ventas para el acceso 4528,crear_usuario
registrar un acceso en el servidor de desarrollo para el acceso 5526,crear_usuario
registrar un acceso en el servidor principal para el acceso 2759,crear_usuario
registrar un acceso en el servidor de ventas para el acceso 6371,crear_usuario
registrar un acceso en el servidor de ventas para el acceso 3197,crear_usuario
registrar un acceso en el servidor de pruebas para el acceso 9838,crear_usuario
registrar un acceso en el servidor de desarrollo para el acceso 1562,crear_usuario
registrar un acceso en el servidor principal para el acceso 5220,crear_usuario
registrar un acceso en el servidor de pruebas para el acceso 7438,crear_usuario
registrar un acceso en el servidor principal para el acceso 4434,crear_usuario
registrar un acceso en el servidor de desarrollo para el acceso 7863,crear_usuario
registrar un acceso en el servidor principal para el acceso 2858,crear_usuario
registrar un acceso en el servidor de ventas para el acceso 4760,crear_usuario
registrar un acceso en el servidor de ventas para el acceso 7007,crear_usuario
registrar un acceso en el servidor principal para el acceso 8254,crear_usuario
registrar un acceso en el servidor de desarrollo para el acceso 7257,crear_usuario
registrar un acceso en el servidor de desarrollo para el acceso 4372,crear_usuario
registrar un acceso en el servidor de ventas para el acceso 9528,crear_usuario
registrar un acceso en el servidor principal para el acceso 6220,crear_usuario
registrar un acceso en el servidor de ventas para el acceso 2821,crear_usuario
registrar un acceso en el servidor de ventas para el acceso 2828,crear_usuario
registrar un acceso en el servidor de ventas para el acceso 5910,crear_usuario
registrar un acceso en el servidor de ventas para el acceso 3946,crear_usuario
registrar un acceso en el servidor principal para el acceso 7263,crear_usuario
registrar un acceso en el servidor principal para el acceso 9275,crear_usuario
registrar un acceso para el acceso 7123 en el servidor principal,crear_usuario
registrar un acceso para el acceso 3302 en el servidor de pruebas,crear_usuario
registrar un acceso para el acceso 5612 en el servidor principal,crear_usuario
registrar un acceso para el acceso 3937 en el servidor principal,crear_usuario
registrar un acceso para el acceso 3307 en el servidor de pruebas,crear_usuario
registrar un acceso para el acceso 2144 en el servidor de desarrollo,crear_usuario
registrar un acceso para el acceso 2298 en el servidor de pruebas,crear_usuario
registrar un acceso para el acceso 1276 en el servidor principal,crear_usuario
registrar un acceso para el acceso 7918 en el servidor de desarrollo,crear_usuario
registrar un acceso para el acceso 6801 en el servidor de ventas,crear_usuario
registrar un acceso para el acceso 6770 en el servidor de pruebas,crear_usuario
registrar un acceso para el acceso 2823 en el servidor de pruebas,crear_usuario
registrar un acceso para el acceso 3173 en el servidor de pruebas,crear_usuario
registrar un acceso para el acceso 8515 en el servidor de desarrollo,crear_usuario
registrar un acceso para el acceso 7423 en el servidor principal,crear_usuario
registrar un acceso para el acceso 1220 en el servidor principal,crear_usuario
registrar un acceso para el acceso 6601 en el servidor de pruebas,crear_usuario
registrar un acceso para el acceso 1929 en el servidor principal,crear_usuario
registrar un acceso para el acceso 7819 en el servidor de desarrollo,crear_usuario
registrar un acceso para el acceso 4733 en el servidor de pruebas,crear_usuario
registrar un acceso para el acceso 6140 en el servidor principal,crear_usuario
registrar un acceso para el acceso 5703 en el servidor de pruebas,crear_usuario
registrar un acceso para el acceso 6748 en el servidor de desarrollo,crear_usuario
registrar un acceso para el acceso 8041 en el servidor principal,crear_usuario
registrar un acceso para el acceso 2388 en el servidor de ventas,crear_usuario
registrar un acceso para el acceso 9304 en el servidor principal,crear_usuario
registrar un acceso para el acceso 6372 en el servidor de pruebas,crear_usuario
registrar un acceso para el acceso 8094 en el servidor principal,crear_usuario
registrar un acceso para el acceso 7509 en el servidor de desarrollo,crear_usuario
registrar un acceso para el acceso 7355 en el servidor principal,crear_usuario
registrar un acceso para el acceso 5988 en el servidor de desarrollo,crear_usuario
registrar un acceso para el acceso 6291 en el servidor de pruebas,crear_usuario
registrar un acceso para el acceso 1994 en el servidor principal,crear_usuario
registrar un acceso para el acceso 9623 en el servidor de pruebas,crear_usuario
registrar un acceso para el acceso 4559 en el servidor de ventas,crear_usuario
registrar un acceso para el acceso 1370 en el servidor de desarrollo,crear_usuario
registrar un acceso para el acceso 4146 en el servidor de ventas,crear_usuario
registrar un acceso para el acceso 6578 en el servidor principal,crear_usuario
registrar un acceso para el acceso 8103 en el servidor de pruebas,crear_usuario
registrar un acceso para el acceso 5349 en el servidor de pruebas,crear_usuario
registrar un acceso para el acceso 3863 en el servidor principal,crear_usuario
registrar un acceso para el acceso 9537 en el servidor principal,crear_usuario
registrar un acceso para el acceso 5358 en el servidor principal,crear_usuario
registrar un acceso para el acceso 5979 en el servidor de desarrollo,crear_usuario
registrar un acceso para el acceso 9732 en el servidor de pruebas,crear_usuario
registrar un acceso para el acceso 5317 en el servidor de ventas,crear_usuario
registrar un acceso para el acceso 1704 en el servidor de ventas,crear_usuario
registrar un acceso para el acceso 8977 en el servidor de desarrollo,crear_usuario
registrar un acceso para el acceso 9930 en el servidor de pruebas,crear_usuario
registrar un acceso para el acceso 6014 en el servidor de ventas,crear_usuario
Necesito información del usuario 6528,info_usuario
Necesito información del usuario 1206,info_usuario
Necesito información del usuario 4080,info_usuario
Necesito información del usuario 8337,info_usuario
Necesito información del usuario 1141,info_usuario
Necesito información del usuario 3631,info_usuario
Necesito información del usuario 9791,info_usuario
Necesito información del usuario 5414,info_usuario
Necesito información del usuario 3786,info_usuario
Necesito información del usuario 3974,info_usuario
Necesito información del usuario 6262,info_usuario
Necesito información del usuario 6030,info_usuario
Necesito información del usuario 2968,info_usuario
Necesito información del usuario 6512,info_usuario
Necesito información del usuario 4813,info_usuario
Necesito información del usuario 5322,info_usuario
Necesito información del usuario 3960,info_usuario
Necesito información del usuario 3266,info_usuario
Necesito información del usuario 3742,info_usuario
Necesito información del usuario 4148,info_usuario
Necesito información del usuario 4617,info_usuario
Necesito información del usuario 9053,info_usuario
Necesito información del usuario 9760,info_usuario
Necesito información del usuario 6530,info_usuario
Necesito información del usuario 4316,info_usuario
Necesito información del usuario 8921,info_usuario
Necesito información del usuario 4072,info_usuario
Necesito información del usuario 4037,info_usuario
Necesito información del usuario 9382,info_usuario
Necesito información del usuario 5428,info_usuario
Necesito información del usuario 2009,info_usuario
Necesito información del usuario 2405,info_usuario
Necesito información del usuario 4549,info_usuario
Necesito información del usuario 4293,info_usuario
Necesito información del usuario 9404,info_usuario
Necesito información del usuario 3105,info_usuario
Necesito información del usuario 4723,info_usuario
Necesito información del usuario 7028,info_usuario
Necesito información del usuario 2953,info_usuario
Necesito información del usuario 1941,info_usuario
Necesito información del usuario 4188,info_usuario
Necesito información del usuario 7597,info_usuario
Necesito información del usuario 2593,info_usuario
Necesito información del usuario 9734,info_usuario
Necesito información del usuario 2077,info_usuario
Necesito información del usuario 5129,info_usuario
Necesito información del usuario 9967,info_usuario
Necesito información del usuario 7874,info_usuario
Necesito información del usuario 2023,info_usuario
Necesito información del usuario 7651,info_usuario
Dame los datos del usuario 1591 ,info_usuario
Dame los datos del usuario 4859 ,info_usuario
Dame los datos del usuario 9455 ,info_usuario
Dame los datos del usuario 4723 ,info_usuario
Dame los datos del usuario 2301 ,info_usuario
Dame los datos del usuario 6844 ,info_usuario
Dame los datos del usuario 9224 ,info_usuario
Dame los datos del usuario 7063 ,info_usuario
Dame los datos del usuario 1128 ,info_usuario
Dame los datos del usuario 2592 ,info_usuario
Dame los datos del usuario 9298 ,info_usuario
Dame los datos del usuario 5854 ,info_usuario
Dame los datos del usuario 3412 ,info_usuario
Dame los datos del usuario 5423 ,info_usuario
Dame los datos del usuario 5635 ,info_usuario
Dame los datos del usuario 9038 ,info_usuario
Dame los datos del usuario 3536 ,info_usuario
Dame los datos del usuario 4080 ,info_usuario
Dame los datos del usuario 9860 ,info_usuario
Dame los datos del usuario 3510 ,info_usuario
Dame los datos del usuario 7312 ,info_usuario
Dame los datos del usuario 3989 ,info_usuario
Dame los datos del usuario 4189 ,info_usuario
Dame los datos del usuario 7788 ,info_usuario
Dame los datos del usuario 6543 ,info_usuario
Dame los datos del usuario 9383 ,info_usuario
Dame los datos del usuario 6358 ,info_usuario
Dame los datos del usuario 1063 ,info_usuario
Dame los datos del usuario 1791 ,info_usuario
Dame los datos del usuario 4271 ,info_usuario
Dame los datos del usuario 1793 ,info_usuario
Dame los datos del usuario 1775 ,info_usuario
Dame los datos del usuario 9481 ,info_usuario
Dame los datos del usuario 3219 ,info_usuario
Dame los datos del usuario 4271 ,info_usuario
Dame los datos del usuario 6587 ,info_usuario
Dame los datos del usuario 5477 ,info_usuario
Dame los datos del usuario 3283 ,info_usuario
Dame los datos del usuario 6473 ,info_usuario
Dame los datos del usuario 5900 ,info_usuario
Dame los datos del usuario 8477 ,info_usuario
Dame los datos del usuario 1527 ,info_usuario
Dame los datos del usuario 7671 ,info_usuario
Dame los datos del usuario 2827 ,info_usuario
Dame los datos del usuario 4115 ,info_usuario
Dame los datos del usuario 4084 ,info_usuario
Dame los datos del usuario 4210 ,info_usuario
Dame los datos del usuario 2769 ,info_usuario
Dame los datos del usuario 6769 ,info_usuario
Dame los datos del usuario 3748 ,info_usuario
Información del usuario 4885 ,info_usuario
Información del usuario 8143 ,info_usuario
Información del usuario 5382 ,info_usuario
Información del usuario 6918 ,info_usuario
Información del usuario 4424 ,info_usuario
Información del usuario 3384 ,info_usuario
Información del usuario 9758 ,info_usuario
Información del usuario 6274 ,info_usuario
Información del usuario 2649 ,info_usuario
Información del usuario 6290 ,info_usuario
Información del usuario 4515 ,info_usuario
Información del usuario 2067 ,info_usuario
Información del usuario 4690 ,info_usuario
Información del usuario 7319 ,info_usuario
Información del usuario 8819 ,info_usuario
Información del usuario 7548 ,info_usuario
Información del usuario 9756 ,info_usuario
Información del usuario 1026 ,info_usuario
Información del usuario 1688 ,info_usuario
Información del usuario 3177 ,info_usuario
Información del usuario 1177 ,info_usuario
Información del usuario 4509 ,info_usuario
Información del usuario 8661 ,info_usuario
Información del usuario 5622 ,info_usuario
Información del usuario 2676 ,info_usuario
Información del usuario 5334 ,info_usuario
Información del usuario 4959 ,info_usuario
Información del usuario 6738 ,info_usuario
Información del usuario 9235 ,info_usuario
Información del usuario 4872 ,info_usuario
Información del usuario 3251 ,info_usuario
Información del usuario 6350 ,info_usuario
Información del usuario 8228 ,info_usuario
Información del usuario 7152 ,info_usuario
Información del usuario 1025 ,info_usuario
Información del usuario 6004 ,info_usuario
Información del usuario 2517 ,info_usuario
Información del usuario 7209 ,info_usuario
Información del usuario 7816 ,info_usuario
Información del usuario 7240 ,info_usuario
Información del usuario 2599 ,info_usuario
Información del usuario 8518 ,info_usuario
Información del usuario 8884 ,info_usuario
Información del usuario 5638 ,info_usuario
Información del usuario 3343 ,info_usuario
Información del usuario 5207 ,info_usuario
Información del usuario 8204 ,info_usuario
Información del usuario 7668 ,info_usuario
Información del usuario 5916 ,info_usuario
Información del usuario 9992 ,info_usuario
Datos del usuario 6721 ,info_usuario
Datos del usuario 2468 ,info_usuario
Datos del usuario 5992 ,info_usuario
Datos del usuario 7161 ,info_usuario
Datos del usuario 6108 ,info_usuario
Datos del usuario 7042 ,info_usuario
Datos del usuario 9224 ,info_usuario
Datos del usuario 5534 ,info_usuario
Datos del usuario 7330 ,info_usuario
Datos del usuario 6071 ,info_usuario
Datos del usuario 7308 ,info_usuario
Datos del usuario 2413 ,info_usuario
Datos del usuario 3845 ,info_usuario
Datos del usuario 3793 ,info_usuario
Datos del usuario 6456 ,info_usuario
Datos del usuario 6292 ,info_usuario
Datos del usuario 4277 ,info_usuario
Datos del usuario 2125 ,info_usuario
Datos del usuario 4187 ,info_usuario
Datos del usuario 1916 ,info_usuario
Datos del usuario 7271 ,info_usuario
Datos del usuario 9311 ,info_usuario
Datos del usuario 7059 ,info_usuario
Datos del usuario 6196 ,info_usuario
Datos del usuario 7585 ,info_usuario
Datos del usuario 4304 ,info_usuario
Datos del usuario 1000 ,info_usuario
Datos del usuario 9825 ,info_usuario
Datos del usuario 6948 ,info_usuario
Datos del usuario 1728 ,info_usuario
Datos del usuario 1932 ,info_usuario
Datos del usuario 2555 ,info_usuario
Datos del usuario 3906 ,info_usuario
Datos del usuario 7655 ,info_usuario
Datos del usuario 2648 ,info_usuario
Datos del usuario 7666 ,info_usuario
Datos del usuario 7114 ,info_usuario
Datos del usuario 1383 ,info_usuario
Datos del usuario 8325 ,info_usuario
Datos del usuario 2871 ,info_usuario
Datos del usuario 3141 ,info_usuario
Datos del usuario 6659 ,info_usuario
Datos del usuario 9397 ,info_usuario
Datos del usuario 9736 ,info_usuario
Datos del usuario 7382 ,info_usuario
Datos del usuario 7097 ,info_usuario
Datos del usuario 2160 ,info_usuario
Datos del usuario 6770 ,info_usuario
Datos del usuario 9085 ,info_usuario
Datos del usuario 8126 ,info_usuario
Necesito información del empleado 9006 ,info_usuario
Necesito información del empleado 4846 ,info_usuario
Necesito información del empleado 2951 ,info_usuario
Necesito información del empleado 4965 ,info_usuario
Necesito información del empleado 1608 ,info_usuario
Necesito información del empleado 1222 ,info_usuario
Necesito información del empleado 9979 ,info_usuario
Necesito información del empleado 4958 ,info_usuario
Necesito información del empleado 4458 ,info_usuario
Necesito información del empleado 7816 ,info_usuario
Necesito información del empleado 3645 ,info_usuario
Necesito información del empleado 2857 ,info_usuario
Necesito información del empleado 5377 ,info_usuario
Necesito información del empleado 3227 ,info_usuario
Necesito información del empleado 4358 ,info_usuario
Necesito información del empleado 6452 ,info_usuario
Necesito información del empleado 8963 ,info_usuario
Necesito información del empleado 1320 ,info_usuario
Necesito información del empleado 3466 ,info_usuario
Necesito información del empleado 9136 ,info_usuario
Necesito información del empleado 6940 ,info_usuario
Necesito información del empleado 1904 ,info_usuario
Necesito información del empleado 3988 ,info_usuario
Necesito información del empleado 5855 ,info_usuario
Necesito información del empleado 4719 ,info_usuario
Necesito información del empleado 6947 ,info_usuario
Necesito información del empleado 5908 ,info_usuario
Necesito información del empleado 2727 ,info_usuario
Necesito información del empleado 1331 ,info_usuario
Necesito información del empleado 3851 ,info_usuario
Necesito información del empleado 1303 ,info_usuario
Necesito información del empleado 6937 ,info_usuario
Necesito información del empleado 6747 ,info_usuario
Necesito información del empleado 8624 ,info_usuario
Necesito información del empleado 5445 ,info_usuario
Necesito información del empleado 3790 ,info_usuario
Necesito información del empleado 5717 ,info_usuario
Necesito información del empleado 6591 ,info_usuario
Necesito información del empleado 7742 ,info_usuario
Necesito información del empleado 3704 ,info_usuario
Necesito información del empleado 6587 ,info_usuario
Necesito información del empleado 6948 ,info_usuario
Necesito información del empleado 9096 ,info_usuario
Necesito información del empleado 3329 ,info_usuario
Necesito información del empleado 5008 ,info_usuario
Necesito información del empleado 4388 ,info_usuario
Necesito información del empleado 3043 ,info_usuario
Necesito información del empleado 3285 ,info_usuario
Necesito información del empleado 5946 ,info_usuario
Necesito información del empleado 9869 ,info_usuario
Dame los datos del empleado 6937 ,info_usuario
Dame los datos del empleado 2001 ,info_usuario
Dame los datos del empleado 8097 ,info_usuario
Dame los datos del empleado 6473 ,info_usuario
Dame los datos del empleado 3525 ,info_usuario
Dame los datos del empleado 6041 ,info_usuario
Dame los datos del empleado 1510 ,info_usuario
Dame los datos del empleado 3996 ,info_usuario
Dame los datos del empleado 2714 ,info_usuario
Dame los datos del empleado 9502 ,info_usuario
Dame los datos del empleado 4664 ,info_usuario
Dame los datos del empleado 3818 ,info_usuario
Dame los datos del empleado 5790 ,info_usuario
Dame los datos del empleado 8579 ,info_usuario
Dame los datos del empleado 4926 ,info_usuario
Dame los datos del empleado 1545 ,info_usuario
Dame los datos del empleado 5198 ,info_usuario
Dame los datos del empleado 6606 ,info_usuario
Dame los datos del empleado 9934 ,info_usuario
Dame los datos del empleado 5396 ,info_usuario
Dame los datos del empleado 8131 ,info_usuario
Dame los datos del empleado 3496 ,info_usuario
Dame los datos del empleado 8094 ,info_usuario
Dame los datos del empleado 8728 ,info_usuario
Dame los datos del empleado 5854 ,info_usuario
Dame los datos del empleado 7495 ,info_usuario
Dame los datos del empleado 1735 ,info_usuario
Dame los datos del empleado 6587 ,info_usuario
Dame los datos del empleado 3622 ,info_usuario
Dame los datos del empleado 9194 ,info_usuario
Dame los datos del empleado 4379 ,info_usuario
Dame los datos del empleado 3101 ,info_usuario
Dame los datos del empleado 9385 ,info_usuario
Dame los datos del empleado 4050 ,info_usuario
Dame los datos del empleado 5617 ,info_usuario
Dame los datos del empleado 5389 ,info_usuario
Dame los datos del empleado 1705 ,info_usuario
Dame los datos del empleado 8969 ,info_usuario
Dame los datos del empleado 2732 ,info_usuario
Dame los datos del empleado 6563 ,info_usuario
Dame los datos del empleado 5054 ,info_usuario
Dame los datos del empleado 3752 ,info_usuario
Dame los datos del empleado 5252 ,info_usuario
Dame los datos del empleado 6864 ,info_usuario
Dame los datos del empleado 6338 ,info_usuario
Dame los datos del empleado 4455 ,info_usuario
Dame los datos del empleado 2983 ,info_usuario
Dame los datos del empleado 2241 ,info_usuario
Dame los datos del empleado 8063 ,info_usuario
Dame los datos del empleado 5638 ,info_usuario
Información del empleado 4600 ,info_usuario
Información del empleado 1383 ,info_usuario
Información del empleado 5821 ,info_usuario
Información del empleado 3766 ,info_usuario
Información del empleado 9843 ,info_usuario
Información del empleado 8383 ,info_usuario
Información del empleado 5910 ,info_usuario
Información del empleado 7810 ,info_usuario
Información del empleado 9334 ,info_usuario
Información del empleado 9514 ,info_usuario
Información del empleado 5978 ,info_usuario
Información del empleado 1821 ,info_usuario
Información del empleado 1669 ,info_usuario
Información del empleado 8956 ,info_usuario
Información del empleado 1834 ,info_usuario
Información del empleado 6364 ,info_usuario
Información del empleado 1882 ,info_usuario
Información del empleado 1259 ,info_usuario
Información del empleado 7594 ,info_usuario
Información del empleado 5449 ,info_usuario
Información del empleado 1197 ,info_usuario
Información del empleado 9318 ,info_usuario
Información del empleado 6921 ,info_usuario
Información del empleado 3924 ,info_usuario
Información del empleado 5041 ,info_usuario
Información del empleado 5867 ,info_usuario
Información del empleado 5879 ,info_usuario
Información del empleado 5870 ,info_usuario
Información del empleado 9886 ,info_usuario
Información del empleado 5790 ,info_usuario
Información del empleado 3003 ,info_usuario
Información del empleado 9718 ,info_usuario
Información del empleado 8217 ,info_usuario
Información del empleado 6518 ,info_usuario
Información del empleado 5482 ,info_usuario
Información del empleado 6863 ,info_usuario
Información del empleado 7568 ,info_usuario
Información del empleado 6294 ,info_usuario
Información del empleado 5766 ,info_usuario
Información del empleado 1350 ,info_usuario
Información del empleado 2711 ,info_usuario
Información del empleado 5628 ,info_usuario
Información del empleado 7231 ,info_usuario
Información del empleado 7743 ,info_usuario
Información del empleado 5328 ,info_usuario
Información del empleado 5346 ,info_usuario
Información del empleado 8948 ,info_usuario
Información del empleado 5971 ,info_usuario
Información del empleado 2109 ,info_usuario
Información del empleado 3649 ,info_usuario
Datos del empleado 8521 ,info_usuario
Datos del empleado 7990 ,info_usuario
Datos del empleado 8380 ,info_usuario
Datos del empleado 1449 ,info_usuario
Datos del empleado 9139 ,info_usuario
Datos del empleado 9115 ,info_usuario
Datos del empleado 1079 ,info_usuario
Datos del empleado 6231 ,info_usuario
Datos del empleado 8035 ,info_usuario
Datos del empleado 6765 ,info_usuario
Datos del empleado 9207 ,info_usuario
Datos del empleado 9329 ,info_usuario
Datos del empleado 6444 ,info_usuario
Datos del empleado 7796 ,info_usuario
Datos del empleado 1937 ,info_usuario
Datos del empleado 5090 ,info_usuario
Datos del empleado 3236 ,info_usuario
Datos del empleado 4033 ,info_usuario
Datos del empleado 2371 ,info_usuario
Datos del empleado 7442 ,info_usuario
Datos del empleado 9781 ,info_usuario
Datos del empleado 5249 ,info_usuario
Datos del empleado 2053 ,info_usuario
Datos del empleado 6401 ,info_usuario
Datos del empleado 5714 ,info_usuario
Datos del empleado 7965 ,info_usuario
Datos del empleado 6506 ,info_usuario
Datos del empleado 5387 ,info_usuario
Datos del empleado 9796 ,info_usuario
Datos del empleado 8773 ,info_usuario
Datos del empleado 2964 ,info_usuario
Datos del empleado 2380 ,info_usuario
Datos del empleado 2906 ,info_usuario
Datos del empleado 7475 ,info_usuario
Datos del empleado 1638 ,info_usuario
Datos del empleado 7767 ,info_usuario
Datos del empleado 4906 ,info_usuario
Datos del empleado 2064 ,info_usuario
Datos del empleado 7324 ,info_usuario
Datos del empleado 4129 ,info_usuario
Datos del empleado 9033 ,info_usuario
Datos del empleado 5176 ,info_usuario
Datos del empleado 1773 ,info_usuario
Datos del empleado 2005 ,info_usuario
Datos del empleado 7508 ,info_usuario
Datos del empleado 5422 ,info_usuario
Datos del empleado 5761 ,info_usuario
Datos del empleado 6865 ,info_usuario
Datos del empleado 2808 ,info_usuario
Datos del empleado 2018 ,info_usuario
Necesito información del usuario 3388,info_usuario
Necesito información del usuario 4931,info_usuario
Necesito información del usuario 9445,info_usuario
Necesito información del usuario 9449,info_usuario
Necesito información del usuario 3228,info_usuario
Necesito información del usuario 8224,info_usuario
Necesito información del usuario 5287,info_usuario
Necesito información del usuario 9189,info_usuario
Necesito información del usuario 2278,info_usuario
Necesito información del usuario 7353,info_usuario
Necesito información del usuario 2203,info_usuario
Necesito información del usuario 3949,info_usuario
Necesito información del usuario 2818,info_usuario
Necesito información del usuario 1342,info_usuario
Necesito información del usuario 4449,info_usuario
Necesito información del usuario 6594,info_usuario
Necesito información del usuario 6454,info_usuario
Necesito información del usuario 7329,info_usuario
Necesito información del usuario 3296,info_usuario
Necesito información del usuario 9163,info_usuario
Necesito información del usuario 3445,info_usuario
Necesito información del usuario 5598,info_usuario
Necesito información del usuario 3646,info_usuario
Necesito información del usuario 3063,info_usuario
Necesito información del usuario 1440,info_usuario
Necesito información del usuario 9136,info_usuario
Necesito información del usuario 8065,info_usuario
Necesito información del usuario 5092,info_usuario
Necesito información del usuario 1502,info_usuario
Necesito información del usuario 8680,info_usuario
Necesito información del usuario 9310,info_usuario
Necesito información del usuario 8536,info_usuario
Necesito información del usuario 4603,info_usuario
Necesito información del usuario 8934,info_usuario
Necesito información del usuario 7555,info_usuario
Necesito información del usuario 2846,info_usuario
Necesito información del usuario 9581,info_usuario
Necesito información del usuario 4338,info_usuario
Necesito información del usuario 6739,info_usuario
Necesito información del usuario 6025,info_usuario
Necesito información del usuario 7807,info_usuario
Necesito información del usuario 4359,info_usuario
Necesito información del usuario 2522,info_usuario
Necesito información del usuario 8099,info_usuario
Necesito información del usuario 1255,info_usuario
Necesito información del usuario 6946,info_usuario
Necesito información del usuario 7006,info_usuario
Necesito información del usuario 1738,info_usuario
Necesito información del usuario 3920,info_usuario
Necesito información del usuario 2786,info_usuario
Dame los datos del usuario 3760,info_usuario
Dame los datos del usuario 2389,info_usuario
Dame los datos del usuario 1819,info_usuario
Dame los datos del usuario 9351,info_usuario
Dame los datos del usuario 2022,info_usuario
Dame los datos del usuario 5277,info_usuario
Dame los datos del usuario 5943,info_usuario
Dame los datos del usuario 8908,info_usuario
Dame los datos del usuario 8840,info_usuario
Dame los datos del usuario 7127,info_usuario
Dame los datos del usuario 9176,info_usuario
Dame los datos del usuario 6099,info_usuario
Dame los datos del usuario 6375,info_usuario
Dame los datos del usuario 9791,info_usuario
Dame los datos del usuario 4063,info_usuario
Dame los datos del usuario 2675,info_usuario
Dame los datos del usuario 6924,info_usuario
Dame los datos del usuario 5578,info_usuario
Dame los datos del usuario 5363,info_usuario
Dame los datos del usuario 5198,info_usuario
Dame los datos del usuario 2005,info_usuario
Dame los datos del usuario 8745,info_usuario
Dame los datos del usuario 3068,info_usuario
Dame los datos del usuario 3229,info_usuario
Dame los datos del usuario 2617,info_usuario
Dame los datos del usuario 2326,info_usuario
Dame los datos del usuario 1739,info_usuario
Dame los datos del usuario 2769,info_usuario
Dame los datos del usuario 8018,info_usuario
Dame los datos del usuario 8695,info_usuario
Dame los datos del usuario 5894,info_usuario
Dame los datos del usuario 3745,info_usuario
Dame los datos del usuario 8103,info_usuario
Dame los datos del usuario 1378,info_usuario
Dame los datos del usuario 8449,info_usuario
Dame los datos del usuario 4084,info_usuario
Dame los datos del usuario 9683,info_usuario
Dame los datos del usuario 9718,info_usuario
Dame los datos del usuario 4768,info_usuario
Dame los datos del usuario 8005,info_usuario
Dame los datos del usuario 1155,info_usuario
Dame los datos del usuario 3548,info_usuario
Dame los datos del usuario 7628,info_usuario
Dame los datos del usuario 1606,info_usuario
Dame los datos del usuario 1731,info_usuario
Dame los datos del usuario 8664,info_usuario
Dame los datos del usuario 7015,info_usuario
Dame los datos del usuario 6882,info_usuario
Dame los datos del usuario 8830,info_usuario
Dame los datos del usuario 2685,info_usuario
Información del usuario 6878,info_usuario
Información del usuario 2937,info_usuario
Información del usuario 9335,info_usuario
Información del usuario 4715,info_usuario
Información del usuario 2835,info_usuario
Información del usuario 1835,info_usuario
Información del usuario 3068,info_usuario
Información del usuario 5921,info_usuario
Información del usuario 4453,info_usuario
Información del usuario 3868,info_usuario
Información del usuario 4608,info_usuario
Información del usuario 9684,info_usuario
Información del usuario 7462,info_usuario
Información del usuario 4430,info_usuario
Información del usuario 4931,info_usuario
Información del usuario 3082,info_usuario
Información del usuario 1301,info_usuario
Información del usuario 8406,info_usuario
Información del usuario 2804,info_usuario
Información del usuario 2334,info_usuario
Información del usuario 9525,info_usuario
Información del usuario 2158,info_usuario
Información del usuario 7507,info_usuario
Información del usuario 8805,info_usuario
Información del usuario 5969,info_usuario
Información del usuario 5154,info_usuario
Información del usuario 1984,info_usuario
Información del usuario 1088,info_usuario
Información del usuario 4915,info_usuario
Información del usuario 1092,info_usuario
Información del usuario 5344,info_usuario
Información del usuario 8509,info_usuario
Información del usuario 4637,info_usuario
Información del usuario 1032,info_usuario
Información del usuario 4857,info_usuario
Información del usuario 9243,info_usuario
Información del usuario 4312,info_usuario
Información del usuario 4860,info_usuario
Información del usuario 6190,info_usuario
Información del usuario 6653,info_usuario
Información del usuario 7778,info_usuario
Información del usuario 3054,info_usuario
Información del usuario 1385,info_usuario
Información del usuario 6256,info_usuario
Información del usuario 2643,info_usuario
Información del usuario 9601,info_usuario
Información del usuario 6946,info_usuario
Información del usuario 4735,info_usuario
Información del usuario 6486,info_usuario
Información del usuario 2430,info_usuario
Datos del usuario 3677,info_usuario
Datos del usuario 3690,info_usuario
Datos del usuario 1056,info_usuario
Datos del usuario 5409,info_usuario
Datos del usuario 3760,info_usuario
Datos del usuario 9358,info_usuario
Datos del usuario 1614,info_usuario
Datos del usuario 7978,info_usuario
Datos del usuario 3966,info_usuario
Datos del usuario 3507,info_usuario
Datos del usuario 3794,info_usuario
Datos del usuario 2701,info_usuario
Datos del usuario 7975,info_usuario
Datos del usuario 3546,info_usuario
Datos del usuario 4228,info_usuario
Datos del usuario 7403,info_usuario
Datos del usuario 7460,info_usuario
Datos del usuario 4326,info_usuario
Datos del usuario 7522,info_usuario
Datos del usuario 7075,info_usuario
Datos del usuario 2869,info_usuario
Datos del usuario 7627,info_usuario
Datos del usuario 3788,info_usuario
Datos del usuario 9219,info_usuario
Datos del usuario 4492,info_usuario
Datos del usuario 1624,info_usuario
Datos del usuario 5732,info_usuario
Datos del usuario 1135,info_usuario
Datos del usuario 3483,info_usuario
Datos del usuario 9509,info_usuario
Datos del usuario 6941,info_usuario
Datos del usuario 1294,info_usuario
Datos del usuario 6460,info_usuario
Datos del usuario 5906,info_usuario
Datos del usuario 6672,info_usuario
Datos del usuario 7579,info_usuario
Datos del usuario 7621,info_usuario
Datos del usuario 1270,info_usuario
Datos del usuario 5080,info_usuario
Datos del usuario 3374,info_usuario
Datos del usuario 7067,info_usuario
Datos del usuario 2608,info_usuario
Datos del usuario 9810,info_usuario
Datos del usuario 3848,info_usuario
Datos del usuario 2229,info_usuario
Datos del usuario 3109,info_usuario
Datos del usuario 5781,info_usuario
Datos del usuario 4824,info_usuario
Datos del usuario 6916,info_usuario
Datos del usuario 4436,info_usuario
Necesito información del empleado 7879,info_usuario
Necesito información del empleado 3680,info_usuario
Necesito información del empleado 2442,info_usuario
Necesito información del empleado 5620,info_usuario
Necesito información del empleado 7169,info_usuario
Necesito información del empleado 1359,info_usuario
Necesito información del empleado 8812,info_usuario
Necesito información del empleado 2737,info_usuario
Necesito información del empleado 7219,info_usuario
Necesito información del empleado 7178,info_usuario
Necesito información del empleado 4224,info_usuario
Necesito información del empleado 3322,info_usuario
Necesito información del empleado 9853,info_usuario
Necesito información del empleado 9164,info_usuario
Necesito información del empleado 1390,info_usuario
Necesito información del empleado 6710,info_usuario
Necesito información del empleado 8672,info_usuario
Necesito información del empleado 6075,info_usuario
Necesito información del empleado 7197,info_usuario
Necesito información del empleado 7073,info_usuario
Necesito información del empleado 3660,info_usuario
Necesito información del empleado 9601,info_usuario
Necesito información del empleado 5020,info_usuario
Necesito información del empleado 8923,info_usuario
Necesito información del empleado 9003,info_usuario
Necesito información del empleado 1632,info_usuario
Necesito información del empleado 3122,info_usuario
Necesito información del empleado 3240,info_usuario
Necesito información del empleado 2425,info_usuario
Necesito información del empleado 2383,info_usuario
Necesito información del empleado 4152,info_usuario
Necesito información del empleado 8887,info_usuario
Necesito información del empleado 5928,info_usuario
Necesito información del empleado 5437,info_usuario
Necesito información del empleado 9290,info_usuario
Necesito información del empleado 3805,info_usuario
Necesito información del empleado 5648,info_usuario
Necesito información del empleado 6862,info_usuario
Necesito información del empleado 9491,info_usuario
Necesito información del empleado 4037,info_usuario
Necesito información del empleado 4334,info_usuario
Necesito información del empleado 5145,info_usuario
Necesito información del empleado 8229,info_usuario
Necesito información del empleado 9001,info_usuario
Necesito información del empleado 1045,info_usuario
Necesito información del empleado 4082,info_usuario
Necesito información del empleado 5499,info_usuario
Necesito información del empleado 7444,info_usuario
Necesito información del empleado 7680,info_usuario
Necesito información del empleado 3587,info_usuario
Dame los datos del empleado 4826,info_usuario
Dame los datos del empleado 6613,info_usuario
Dame los datos del empleado 9300,info_usuario
Dame los datos del empleado 9257,info_usuario
Dame los datos del empleado 1435,info_usuario
Dame los datos del empleado 5907,info_usuario
Dame los datos del empleado 7054,info_usuario
Dame los datos del empleado 9096,info_usuario
Dame los datos del empleado 9849,info_usuario
Dame los datos del empleado 5273,info_usuario
Dame los datos del empleado 5756,info_usuario
Dame los datos del empleado 8984,info_usuario
Dame los datos del empleado 6028,info_usuario
Dame los datos del empleado 6852,info_usuario
Dame los datos del empleado 9240,info_usuario
Dame los datos del empleado 2587,info_usuario
Dame los datos del empleado 3542,info_usuario
Dame los datos del empleado 9484,info_usuario
Dame los datos del empleado 1309,info_usuario
Dame los datos del empleado 9706,info_usuario
Dame los datos del empleado 8383,info_usuario
Dame los datos del empleado 5483,info_usuario
Dame los datos del empleado 4478,info_usuario
Dame los datos del empleado 6456,info_usuario
Dame los datos del empleado 1473,info_usuario
Dame los datos del empleado 3798,info_usuario
Dame los datos del empleado 8274,info_usuario
Dame los datos del empleado 1141,info_usuario
Dame los datos del empleado 4473,info_usuario
Dame los datos del empleado 9126,info_usuario
Dame los datos del empleado 8583,info_usuario
Dame los datos del empleado 4404,info_usuario
Dame los datos del empleado 4672,info_usuario
Dame los datos del empleado 3881,info_usuario
Dame los datos del empleado 1782,info_usuario
Dame los datos del empleado 4946,info_usuario
Dame los datos del empleado 6971,info_usuario
Dame los datos del empleado 6385,info_usuario
Dame los datos del empleado 4506,info_usuario
Dame los datos del empleado 1603,info_usuario
Dame los datos del empleado 6929,info_usuario
Dame los datos del empleado 6852,info_usuario
Dame los datos del empleado 3602,info_usuario
Dame los datos del empleado 9295,info_usuario
Dame los datos del empleado 9162,info_usuario
Dame los datos del empleado 7662,info_usuario
Dame los datos del empleado 2024,info_usuario
Dame los datos del empleado 1271,info_usuario
Dame los datos del empleado 9770,info_usuario
Dame los datos del empleado 2463,info_usuario
Información del empleado 9943,info_usuario
Información del empleado 1053,info_usuario
Información del empleado 9577,info_usuario
Información del empleado 7714,info_usuario
Información del empleado 7906,info_usuario
Información del empleado 8618,info_usuario
Información del empleado 8202,info_usuario
Información del empleado 4554,info_usuario
Información del empleado 1081,info_usuario
Información del empleado 3010,info_usuario
Información del empleado 9143,info_usuario
Información del empleado 6768,info_usuario
Información del empleado 7866,info_usuario
Información del empleado 3773,info_usuario
Información del empleado 4929,info_usuario
Información del empleado 6707,info_usuario
Información del empleado 7670,info_usuario
Información del empleado 6135,info_usuario
Información del empleado 8577,info_usuario
Información del empleado 2191,info_usuario
Información del empleado 5484,info_usuario
Información del empleado 9118,info_usuario
Información del empleado 9939,info_usuario
Información del empleado 5493,info_usuario
Información del empleado 1010,info_usuario
Información del empleado 3661,info_usuario
Información del empleado 9479,info_usuario
Información del empleado 7113,info_usuario
Información del empleado 1475,info_usuario
Información del empleado 2577,info_usuario
Información del empleado 1595,info_usuario
Información del empleado 5226,info_usuario
Información del empleado 5905,info_usuario
Información del empleado 5053,info_usuario
Información del empleado 6758,info_usuario
Información del empleado 3572,info_usuario
Información del empleado 2319,info_usuario
Información del empleado 9624,info_usuario
Información del empleado 6282,info_usuario
Información del empleado 8378,info_usuario
Información del empleado 5961,info_usuario
Información del empleado 2092,info_usuario
Información del empleado 3784,info_usuario
Información del empleado 3160,info_usuario
Información del empleado 5117,info_usuario
Información del empleado 6514,info_usuario
Información del empleado 3548,info_usuario
Información del empleado 2471,info_usuario
Información del empleado 6292,info_usuario
Información del empleado 6117,info_usuario
Datos del empleado 9267,info_usuario
Datos del empleado 5303,info_usuario
Datos del empleado 7477,info_usuario
Datos del empleado 4510,info_usuario
Datos del empleado 6553,info_usuario
Datos del empleado 5577,info_usuario
Datos del empleado 3053,info_usuario
Datos del empleado 9074,info_usuario
Datos del empleado 7365,info_usuario
Datos del empleado 7943,info_usuario
Datos del empleado 9180,info_usuario
Datos del empleado 1247,info_usuario
Datos del empleado 2146,info_usuario
Datos del empleado 8572,info_usuario
Datos del empleado 1964,info_usuario
Datos del empleado 7535,info_usuario
Datos del empleado 7768,info_usuario
Datos del empleado 8284,info_usuario
Datos del empleado 4014,info_usuario
Datos del empleado 6052,info_usuario
Datos del empleado 1692,info_usuario
Datos del empleado 2245,info_usuario
Datos del empleado 9848,info_usuario
Datos del empleado 2048,info_usuario
Datos del empleado 8832,info_usuario
Datos del empleado 5021,info_usuario
Datos del empleado 3353,info_usuario
Datos del empleado 6683,info_usuario
Datos del empleado 9241,info_usuario
Datos del empleado 1351,info_usuario
Datos del empleado 9694,info_usuario
Datos del empleado 1101,info_usuario
Datos del empleado 9084,info_usuario
Datos del empleado 5476,info_usuario
Datos del empleado 6412,info_usuario
Datos del empleado 4864,info_usuario
Datos del empleado 2520,info_usuario
Datos del empleado 9128,info_usuario
Datos del empleado 5749,info_usuario
Datos del empleado 7426,info_usuario
Datos del empleado 3184,info_usuario
Datos del empleado 5222,info_usuario
Datos del empleado 7736,info_usuario
Datos del empleado 6489,info_usuario
Datos del empleado 2200,info_usuario
Datos del empleado 5332,info_usuario
Datos del empleado 5424,info_usuario
Datos del empleado 4303,info_usuario
Datos del empleado 9904,info_usuario
Datos del empleado 4622,info_usuario
Lista los accesos del usuario 5696,info_usuario
Lista los accesos del usuario 5019,info_usuario
Lista los accesos del usuario 1120,info_usuario
Lista los accesos del usuario 7221,info_usuario
Lista los accesos del usuario 8601,info_usuario
Lista los accesos del usuario 3260,info_usuario
Lista los accesos del usuario 1477,info_usuario
Lista los accesos del usuario 6739,info_usuario
Lista los accesos del usuario 4555,info_usuario
Lista los accesos del usuario 6186,info_usuario
Lista los accesos del usuario 8537,info_usuario
Lista los accesos del usuario 4340,info_usuario
Lista los accesos del usuario 4449,info_usuario
Lista los accesos del usuario 8718,info_usuario
Lista los accesos del usuario 7046,info_usuario
Lista los accesos del usuario 5800,info_usuario
Lista los accesos del usuario 7298,info_usuario
Lista los accesos del usuario 4069,info_usuario
Lista los accesos del usuario 8811,info_usuario
Lista los accesos del usuario 1395,info_usuario
Lista los accesos del usuario 7885,info_usuario
Lista los accesos del usuario 7757,info_usuario
Lista los accesos del usuario 7761,info_usuario
Lista los accesos del usuario 2982,info_usuario
Lista los accesos del usuario 7439,info_usuario
Lista los accesos del usuario 7343,info_usuario
Lista los accesos del usuario 8207,info_usuario
Lista los accesos del usuario 6621,info_usuario
Lista los accesos del usuario 7878,info_usuario
Lista los accesos del usuario 9868,info_usuario
Lista los accesos del usuario 4133,info_usuario
Lista los accesos del usuario 8481,info_usuario
Lista los accesos del usuario 9346,info_usuario
Lista los accesos del usuario 1185,info_usuario
Lista los accesos del usuario 9481,info_usuario
Lista los accesos del usuario 8997,info_usuario
Lista los accesos del usuario 3341,info_usuario
Lista los accesos del usuario 5034,info_usuario
Lista los accesos del usuario 7827,info_usuario
Lista los accesos del usuario 9407,info_usuario
Lista los accesos del usuario 3045,info_usuario
Lista los accesos del usuario 2734,info_usuario
Lista los accesos del usuario 4597,info_usuario
Lista los accesos del usuario 7339,info_usuario
Lista los accesos del usuario 8317,info_usuario
Lista los accesos del usuario 3585,info_usuario
Lista los accesos del usuario 4389,info_usuario
Lista los accesos del usuario 4061,info_usuario
Lista los accesos del usuario 4372,info_usuario
Lista los accesos del usuario 1923,info_usuario
Listar los accesos del usuario 5127,info_usuario
Listar los accesos del usuario 8090,info_usuario
Listar los accesos del usuario 3313,info_usuario
Listar los accesos del usuario 1625,info_usuario
Listar los accesos del usuario 4878,info_usuario
Listar los accesos del usuario 8612,info_usuario
Listar los accesos del usuario 9247,info_usuario
Listar los accesos del usuario 6015,info_usuario
Listar los accesos del usuario 6021,info_usuario
Listar los accesos del usuario 2159,info_usuario
Listar los accesos del usuario 4714,info_usuario
Listar los accesos del usuario 9066,info_usuario
Listar los accesos del usuario 5498,info_usuario
Listar los accesos del usuario 9587,info_usuario
Listar los accesos del usuario 4405,info_usuario
Listar los accesos del usuario 8828,info_usuario
Listar los accesos del usuario 8914,info_usuario
Listar los accesos del usuario 3295,info_usuario
Listar los accesos del usuario 3719,info_usuario
Listar los accesos del usuario 1414,info_usuario
Listar los accesos del usuario 7498,info_usuario
Listar los accesos del usuario 2129,info_usuario
Listar los accesos del usuario 8702,info_usuario
Listar los accesos del usuario 6735,info_usuario
Listar los accesos del usuario 8319,info_usuario
Listar los accesos del usuario 3026,info_usuario
Listar los accesos del usuario 1008,info_usuario
Listar los accesos del usuario 3623,info_usuario
Listar los accesos del usuario 5985,info_usuario
Listar los accesos del usuario 1030,info_usuario
Listar los accesos del usuario 6998,info_usuario
Listar los accesos del usuario 7885,info_usuario
Listar los accesos del usuario 6935,info_usuario
Listar los accesos del usuario 3819,info_usuario
Listar los accesos del usuario 5401,info_usuario
Listar los accesos del usuario 4023,info_usuario
Listar los accesos del usuario 7157,info_usuario
Listar los accesos del usuario 8967,info_usuario
Listar los accesos del usuario 7241,info_usuario
Listar los accesos del usuario 1410,info_usuario
Listar los accesos del usuario 9871,info_usuario
Listar los accesos del usuario 6301,info_usuario
Listar los accesos del usuario 8534,info_usuario
Listar los accesos del usuario 2426,info_usuario
Listar los accesos del usuario 6167,info_usuario
Listar los accesos del usuario 6405,info_usuario
Listar los accesos del usuario 6006,info_usuario
Listar los accesos del usuario 6690,info_usuario
Listar los accesos del usuario 2933,info_usuario
Listar los accesos del usuario 4844,info_usuario
que accesos tiene el usuario 6710,info_usuario
que accesos tiene el usuario 8920,info_usuario
que accesos tiene el usuario 3337,info_usuario
que accesos tiene el usuario 5896,info_usuario
que accesos tiene el usuario 8404,info_usuario
que accesos tiene el usuario 7583,info_usuario
que accesos tiene el usuario 4841,info_usuario
que accesos tiene el usuario 4148,info_usuario
que accesos tiene el usuario 8152,info_usuario
que accesos tiene el usuario 6169,info_usuario
que accesos tiene el usuario 2890,info_usuario
que accesos tiene el usuario 7761,info_usuario
que accesos tiene el usuario 8578,info_usuario
que accesos tiene el usuario 7357,info_usuario
que accesos tiene el usuario 8025,info_usuario
que accesos tiene el usuario 2426,info_usuario
que accesos tiene el usuario 8038,info_usuario
que accesos tiene el usuario 3227,info_usuario
que accesos tiene el usuario 2543,info_usuario
que accesos tiene el usuario 9137,info_usuario
que accesos tiene el usuario 6685,info_usuario
que accesos tiene el usuario 9915,info_usuario
que accesos tiene el usuario 5968,info_usuario
que accesos tiene el usuario 8500,info_usuario
que accesos tiene el usuario 6398,info_usuario
que accesos tiene el usuario 1387,info_usuario
que accesos tiene el usuario 3976,info_usuario
que accesos tiene el usuario 6108,info_usuario
que accesos tiene el usuario 7908,info_usuario
que accesos tiene el usuario 5241,info_usuario
que accesos tiene el usuario 3818,info_usuario
que accesos tiene el usuario 2709,info_usuario
que accesos tiene el usuario 7311,info_usuario
que accesos tiene el usuario 7676,info_usuario
que accesos tiene el usuario 8359,info_usuario
que accesos tiene el usuario 8054,info_usuario
que accesos tiene el usuario 1806,info_usuario
que accesos tiene el usuario 3519,info_usuario
que accesos tiene el usuario 2517,info_usuario
que accesos tiene el usuario 1713,info_usuario
que accesos tiene el usuario 3154,info_usuario
que accesos tiene el usuario 3548,info_usuario
que accesos tiene el usuario 1023,info_usuario
que accesos tiene el usuario 8840,info_usuario
que accesos tiene el usuario 9139,info_usuario
que accesos tiene el usuario 2978,info_usuario
que accesos tiene el usuario 8844,info_usuario
que accesos tiene el usuario 2175,info_usuario
que accesos tiene el usuario 5649,info_usuario
que accesos tiene el usuario 5444,info_usuario
cuales son los accesos del usuario 7349,info_usuario
cuales son los accesos del usuario 3252,info_usuario
cuales son los accesos del usuario 9349,info_usuario
cuales son los accesos del usuario 1481,info_usuario
cuales son los accesos del usuario 4889,info_usuario
cuales son los accesos del usuario 8886,info_usuario
cuales son los accesos del usuario 1635,info_usuario
cuales son los accesos del usuario 6593,info_usuario
cuales son los accesos del usuario 4441,info_usuario
cuales son los accesos del usuario 8979,info_usuario
cuales son los accesos del usuario 4297,info_usuario
cuales son los accesos del usuario 1574,info_usuario
cuales son los accesos del usuario 7360,info_usuario
cuales son los accesos del usuario 9022,info_usuario
cuales son los accesos del usuario 3956,info_usuario
cuales son los accesos del usuario 9836,info_usuario
cuales son los accesos del usuario 8281,info_usuario
cuales son los accesos del usuario 2794,info_usuario
cuales son los accesos del usuario 3444,info_usuario
cuales son los accesos del usuario 9185,info_usuario
cuales son los accesos del usuario 7673,info_usuario
cuales son los accesos del usuario 5397,info_usuario
cuales son los accesos del usuario 8737,info_usuario
cuales son los accesos del usuario 2063,info_usuario
cuales son los accesos del usuario 9397,info_usuario
cuales son los accesos del usuario 4531,info_usuario
cuales son los accesos del usuario 2858,info_usuario
cuales son los accesos del usuario 2062,info_usuario
cuales son los accesos del usuario 5886,info_usuario
cuales son los accesos del usuario 3446,info_usuario
cuales son los accesos del usuario 7275,info_usuario
cuales son los accesos del usuario 7406,info_usuario
cuales son los accesos del usuario 7239,info_usuario
cuales son los accesos del usuario 3042,info_usuario
cuales son los accesos del usuario 6702,info_usuario
cuales son los accesos del usuario 4262,info_usuario
cuales son los accesos del usuario 8600,info_usuario
cuales son los accesos del usuario 4421,info_usuario
cuales son los accesos del usuario 2321,info_usuario
cuales son los accesos del usuario 2369,info_usuario
cuales son los accesos del usuario 7352,info_usuario
cuales son los accesos del usuario 1711,info_usuario
cuales son los accesos del usuario 4005,info_usuario
cuales son los accesos del usuario 4317,info_usuario
cuales son los accesos del usuario 9279,info_usuario
cuales son los accesos del usuario 9819,info_usuario
cuales son los accesos del usuario 7789,info_usuario
cuales son los accesos del usuario 5244,info_usuario
cuales son los accesos del usuario 1229,info_usuario
cuales son los accesos del usuario 1334,info_usuario
por favor lista los accesos del usuario 7145,info_usuario
por favor lista los accesos del usuario 8014,info_usuario
por favor lista los accesos del usuario 1316,info_usuario
por favor lista los accesos del usuario 1958,info_usuario
por favor lista los accesos del usuario 9270,info_usuario
por favor lista los accesos del usuario 8726,info_usuario
por favor lista los accesos del usuario 7094,info_usuario
por favor lista los accesos del usuario 7697,info_usuario
por favor lista los accesos del usuario 9258,info_usuario
por favor lista los accesos del usuario 8512,info_usuario
por favor lista los accesos del usuario 5346,info_usuario
por favor lista los accesos del usuario 9130,info_usuario
por favor lista los accesos del usuario 2860,info_usuario
por favor lista los accesos del usuario 1879,info_usuario
por favor lista los accesos del usuario 4533,info_usuario
por favor lista los accesos del usuario 9296,info_usuario
por favor lista los accesos del usuario 1652,info_usuario
por favor lista los accesos del usuario 3073,info_usuario
por favor lista los accesos del usuario 5209,info_usuario
por favor lista los accesos del usuario 1425,info_usuario
por favor lista los accesos del usuario 7351,info_usuario
por favor lista los accesos del usuario 7839,info_usuario
por favor lista los accesos del usuario 6552,info_usuario
por favor lista los accesos del usuario 9653,info_usuario
por favor lista los accesos del usuario 9712,info_usuario
por favor lista los accesos del usuario 6174,info_usuario
por favor lista los accesos del usuario 8616,info_usuario
por favor lista los accesos del usuario 4964,info_usuario
por favor lista los accesos del usuario 4507,info_usuario
por favor lista los accesos del usuario 3704,info_usuario
por favor lista los accesos del usuario 9367,info_usuario
por favor lista los accesos del usuario 1385,info_usuario
por favor lista los accesos del usuario 3648,info_usuario
por favor lista los accesos del usuario 3579,info_usuario
por favor lista los accesos del usuario 7590,info_usuario
por favor lista los accesos del usuario 3121,info_usuario
por favor lista los accesos del usuario 5857,info_usuario
por favor lista los accesos del usuario 2931,info_usuario
por favor lista los accesos del usuario 1920,info_usuario
por favor lista los accesos del usuario 1497,info_usuario
por favor lista los accesos del usuario 2901,info_usuario
por favor lista los accesos del usuario 1297,info_usuario
por favor lista los accesos del usuario 3420,info_usuario
por favor lista los accesos del usuario 5950,info_usuario
por favor lista los accesos del usuario 6967,info_usuario
por favor lista los accesos del usuario 2972,info_usuario
por favor lista los accesos del usuario 5009,info_usuario
por favor lista los accesos del usuario 6822,info_usuario
por favor lista los accesos del usuario 3658,info_usuario
por favor lista los accesos del usuario 7692,info_usuario
por favor listar los accesos del usuario 5057,info_usuario
por favor listar los accesos del usuario 7216,info_usuario
por favor listar los accesos del usuario 5677,info_usuario
por favor listar los accesos del usuario 8478,info_usuario
por favor listar los accesos del usuario 3995,info_usuario
por favor listar los accesos del usuario 6940,info_usuario
por favor listar los accesos del usuario 7965,info_usuario
por favor listar los accesos del usuario 3127,info_usuario
por favor listar los accesos del usuario 3279,info_usuario
por favor listar los accesos del usuario 2597,info_usuario
por favor listar los accesos del usuario 8166,info_usuario
por favor listar los accesos del usuario 1418,info_usuario
por favor listar los accesos del usuario 4584,info_usuario
por favor listar los accesos del usuario 6125,info_usuario
por favor listar los accesos del usuario 8185,info_usuario
por favor listar los accesos del usuario 8635,info_usuario
por favor listar los accesos del usuario 3294,info_usuario
por favor listar los accesos del usuario 1179,info_usuario
por favor listar los accesos del usuario 1083,info_usuario
por favor listar los accesos del usuario 1355,info_usuario
por favor listar los accesos del usuario 3896,info_usuario
por favor listar los accesos del usuario 5428,info_usuario
por favor listar los accesos del usuario 7331,info_usuario
por favor listar los accesos del usuario 4017,info_usuario
por favor listar los accesos del usuario 3639,info_usuario
por favor listar los accesos del usuario 9685,info_usuario
por favor listar los accesos del usuario 3447,info_usuario
por favor listar los accesos del usuario 4236,info_usuario
por favor listar los accesos del usuario 6129,info_usuario
por favor listar los accesos del usuario 8934,info_usuario
por favor listar los accesos del usuario 4325,info_usuario
por favor listar los accesos del usuario 4604,info_usuario
por favor listar los accesos del usuario 8233,info_usuario
por favor listar los accesos del usuario 8401,info_usuario
por favor listar los accesos del usuario 8810,info_usuario
por favor listar los accesos del usuario 8700,info_usuario
por favor listar los accesos del usuario 7282,info_usuario
por favor listar los accesos del usuario 6391,info_usuario
por favor listar los accesos del usuario 9717,info_usuario
por favor listar los accesos del usuario 5873,info_usuario
por favor listar los accesos del usuario 9800,info_usuario
por favor listar los accesos del usuario 3542,info_usuario
por favor listar los accesos del usuario 4366,info_usuario
por favor listar los accesos del usuario 5633,info_usuario
por favor listar los accesos del usuario 5505,info_usuario
por favor listar los accesos del usuario 1805,info_usuario
por favor listar los accesos del usuario 4146,info_usuario
por favor listar los accesos del usuario 1813,info_usuario
por favor listar los accesos del usuario 2187,info_usuario
por favor listar los accesos del usuario 7529,info_usuario
muestrame los accesos del usuario 4633,info_usuario
muestrame los accesos del usuario 9250,info_usuario
muestrame los accesos del usuario 9125,info_usuario
muestrame los accesos del usuario 9227,info_usuario
muestrame los accesos del usuario 6252,info_usuario
muestrame los accesos del usuario 9208,info_usuario
muestrame los accesos del usuario 9347,info_usuario
muestrame los accesos del usuario 3083,info_usuario
muestrame los accesos del usuario 7367,info_usuario
muestrame los accesos del usuario 3262,info_usuario
muestrame los accesos del usuario 4403,info_usuario
muestrame los accesos del usuario 9764,info_usuario
muestrame los accesos del usuario 2010,info_usuario
muestrame los accesos del usuario 9526,info_usuario
muestrame los accesos del usuario 9042,info_usuario
muestrame los accesos del usuario 8256,info_usuario
muestrame los accesos del usuario 5601,info_usuario
muestrame los accesos del usuario 5144,info_usuario
muestrame los accesos del usuario 5438,info_usuario
muestrame los accesos del usuario 3479,info_usuario
muestrame los accesos del usuario 6514,info_usuario
muestrame los accesos del usuario 6871,info_usuario
muestrame los accesos del usuario 9237,info_usuario
muestrame los accesos del usuario 3178,info_usuario
muestrame los accesos del usuario 2247,info_usuario
muestrame los accesos del usuario 6389,info_usuario
muestrame los accesos del usuario 9068,info_usuario
muestrame los accesos del usuario 9818,info_usuario
muestrame los accesos del usuario 2750,info_usuario
muestrame los accesos del usuario 5529,info_usuario
muestrame los accesos del usuario 2117,info_usuario
muestrame los accesos del usuario 3554,info_usuario
muestrame los accesos del usuario 8689,info_usuario
muestrame los accesos del usuario 2524,info_usuario
muestrame los accesos del usuario 2711,info_usuario
muestrame los accesos del usuario 5617,info_usuario
muestrame los accesos del usuario 9349,info_usuario
muestrame los accesos del usuario 3726,info_usuario
muestrame los accesos del usuario 2712,info_usuario
muestrame los accesos del usuario 1198,info_usuario
muestrame los accesos del usuario 9766,info_usuario
muestrame los accesos del usuario 1869,info_usuario
muestrame los accesos del usuario 6312,info_usuario
muestrame los accesos del usuario 4012,info_usuario
muestrame los accesos del usuario 7362,info_usuario
muestrame los accesos del usuario 5335,info_usuario
muestrame los accesos del usuario 2968,info_usuario
muestrame los accesos del usuario 3317,info_usuario
muestrame los accesos del usuario 5367,info_usuario
muestrame los accesos del usuario 5664,info_usuario
mostrar los accesos del usuario 8720,info_usuario
mostrar los accesos del usuario 3561,info_usuario
mostrar los accesos del usuario 4417,info_usuario
mostrar los accesos del usuario 8212,info_usuario
mostrar los accesos del usuario 5727,info_usuario
mostrar los accesos del usuario 4839,info_usuario
mostrar los accesos del usuario 6860,info_usuario
mostrar los accesos del usuario 7690,info_usuario
mostrar los accesos del usuario 6658,info_usuario
mostrar los accesos del usuario 8432,info_usuario
mostrar los accesos del usuario 3814,info_usuario
mostrar los accesos del usuario 3704,info_usuario
mostrar los accesos del usuario 4229,info_usuario
mostrar los accesos del usuario 2013,info_usuario
mostrar los accesos del usuario 5413,info_usuario
mostrar los accesos del usuario 6533,info_usuario
mostrar los accesos del usuario 3699,info_usuario
mostrar los accesos del usuario 8738,info_usuario
mostrar los accesos del usuario 2465,info_usuario
mostrar los accesos del usuario 8264,info_usuario
mostrar los accesos del usuario 5345,info_usuario
mostrar los accesos del usuario 5702,info_usuario
mostrar los accesos del usuario 7787,info_usuario
mostrar los accesos del usuario 9553,info_usuario
mostrar los accesos del usuario 3757,info_usuario
mostrar los accesos del usuario 6464,info_usuario
mostrar los accesos del usuario 3310,info_usuario
mostrar los accesos del usuario 7643,info_usuario
mostrar los accesos del usuario 6694,info_usuario
mostrar los accesos del usuario 3506,info_usuario
mostrar los accesos del usuario 2644,info_usuario
mostrar los accesos del usuario 5092,info_usuario
mostrar los accesos del usuario 4621,info_usuario
mostrar los accesos del usuario 6324,info_usuario
mostrar los accesos del usuario 2200,info_usuario
mostrar los accesos del usuario 6340,info_usuario
mostrar los accesos del usuario 6714,info_usuario
mostrar los accesos del usuario 4752,info_usuario
mostrar los accesos del usuario 3479,info_usuario
mostrar los accesos del usuario 9822,info_usuario
mostrar los accesos del usuario 2605,info_usuario
mostrar los accesos del usuario 4814,info_usuario
mostrar los accesos del usuario 1964,info_usuario
mostrar los accesos del usuario 4693,info_usuario
mostrar los accesos del usuario 6564,info_usuario
mostrar los accesos del usuario 4428,info_usuario
mostrar los accesos del usuario 2265,info_usuario
mostrar los accesos del usuario 5615,info_usuario
mostrar los accesos del usuario 6860,info_usuario
mostrar los accesos del usuario 2380,info_usuario
me podrias mostrar los accesos del usuario 4673,info_usuario
me podrias mostrar los accesos del usuario 2950,info_usuario
me podrias mostrar los accesos del usuario 3355,info_usuario
me podrias mostrar los accesos del usuario 9492,info_usuario
me podrias mostrar los accesos del usuario 9351,info_usuario
me podrias mostrar los accesos del usuario 1888,info_usuario
me podrias mostrar los accesos del usuario 1493,info_usuario
me podrias mostrar los accesos del usuario 4886,info_usuario
me podrias mostrar los accesos del usuario 2809,info_usuario
me podrias mostrar los accesos del usuario 2387,info_usuario
me podrias mostrar los accesos del usuario 5735,info_usuario
me podrias mostrar los accesos del usuario 3251,info_usuario
me podrias mostrar los accesos del usuario 2957,info_usuario
me podrias mostrar los accesos del usuario 7417,info_usuario
me podrias mostrar los accesos del usuario 8359,info_usuario
me podrias mostrar los accesos del usuario 7624,info_usuario
me podrias mostrar los accesos del usuario 1092,info_usuario
me podrias mostrar los accesos del usuario 5233,info_usuario
me podrias mostrar los accesos del usuario 7103,info_usuario
me podrias mostrar los accesos del usuario 4745,info_usuario
me podrias mostrar los accesos del usuario 6056,info_usuario
me podrias mostrar los accesos del usuario 9477,info_usuario
me podrias mostrar los accesos del usuario 6847,info_usuario
me podrias mostrar los accesos del usuario 5278,info_usuario
me podrias mostrar los accesos del usuario 7876,info_usuario
me podrias mostrar los accesos del usuario 7339,info_usuario
me podrias mostrar los accesos del usuario 8070,info_usuario
me podrias mostrar los accesos del usuario 6975,info_usuario
me podrias mostrar los accesos del usuario 2028,info_usuario
me podrias mostrar los accesos del usuario 6183,info_usuario
me podrias mostrar los accesos del usuario 3299,info_usuario
me podrias mostrar los accesos del usuario 4078,info_usuario
me podrias mostrar los accesos del usuario 2804,info_usuario
me podrias mostrar los accesos del usuario 6701,info_usuario
me podrias mostrar los accesos del usuario 8793,info_usuario
me podrias mostrar los accesos del usuario 7425,info_usuario
me podrias mostrar los accesos del usuario 7777,info_usuario
me podrias mostrar los accesos del usuario 1329,info_usuario
me podrias mostrar los accesos del usuario 9733,info_usuario
me podrias mostrar los accesos del usuario 2224,info_usuario
me podrias mostrar los accesos del usuario 8858,info_usuario
me podrias mostrar los accesos del usuario 3540,info_usuario
me podrias mostrar los accesos del usuario 4885,info_usuario
me podrias mostrar los accesos del usuario 3768,info_usuario
me podrias mostrar los accesos del usuario 7000,info_usuario
me podrias mostrar los accesos del usuario 2694,info_usuario
me podrias mostrar los accesos del usuario 4334,info_usuario
me podrias mostrar los accesos del usuario 4067,info_usuario
me podrias mostrar los accesos del usuario 4641,info_usuario
me podrias mostrar los accesos del usuario 6029,info_usuario
porfavor muestrame los accesos del usuario 9190,info_usuario
porfavor muestrame los accesos del usuario 3674,info_usuario
porfavor muestrame los accesos del usuario 1994,info_usuario
porfavor muestrame los accesos del usuario 8264,info_usuario
porfavor muestrame los accesos del usuario 7920,info_usuario
porfavor muestrame los accesos del usuario 2376,info_usuario
porfavor muestrame los accesos del usuario 3009,info_usuario
porfavor muestrame los accesos del usuario 3430,info_usuario
porfavor muestrame los accesos del usuario 6510,info_usuario
porfavor muestrame los accesos del usuario 2053,info_usuario
porfavor muestrame los accesos del usuario 5152,info_usuario
porfavor muestrame los accesos del usuario 1896,info_usuario
porfavor muestrame los accesos del usuario 7178,info_usuario
porfavor muestrame los accesos del usuario 3641,info_usuario
porfavor muestrame los accesos del usuario 6025,info_usuario
porfavor muestrame los accesos del usuario 9784,info_usuario
porfavor muestrame los accesos del usuario 7403,info_usuario
porfavor muestrame los accesos del usuario 8783,info_usuario
porfavor muestrame los accesos del usuario 8400,info_usuario
porfavor muestrame los accesos del usuario 4548,info_usuario
porfavor muestrame los accesos del usuario 8559,info_usuario
porfavor muestrame los accesos del usuario 8061,info_usuario
porfavor muestrame los accesos del usuario 1710,info_usuario
porfavor muestrame los accesos del usuario 5463,info_usuario
porfavor muestrame los accesos del usuario 8814,info_usuario
porfavor muestrame los accesos del usuario 8988,info_usuario
porfavor muestrame los accesos del usuario 1677,info_usuario
porfavor muestrame los accesos del usuario 2414,info_usuario
porfavor muestrame los accesos del usuario 6475,info_usuario
porfavor muestrame los accesos del usuario 7207,info_usuario
porfavor muestrame los accesos del usuario 2991,info_usuario
porfavor muestrame los accesos del usuario 9082,info_usuario
porfavor muestrame los accesos del usuario 5938,info_usuario
porfavor muestrame los accesos del usuario 5642,info_usuario
porfavor muestrame los accesos del usuario 7496,info_usuario
porfavor muestrame los accesos del usuario 9038,info_usuario
porfavor muestrame los accesos del usuario 8056,info_usuario
porfavor muestrame los accesos del usuario 1991,info_usuario
porfavor muestrame los accesos del usuario 6078,info_usuario
porfavor muestrame los accesos del usuario 7284,info_usuario
porfavor muestrame los accesos del usuario 6970,info_usuario
porfavor muestrame los accesos del usuario 3541,info_usuario
porfavor muestrame los accesos del usuario 2910,info_usuario
porfavor muestrame los accesos del usuario 5884,info_usuario
porfavor muestrame los accesos del usuario 2458,info_usuario
porfavor muestrame los accesos del usuario 1477,info_usuario
porfavor muestrame los accesos del usuario 3005,info_usuario
porfavor muestrame los accesos del usuario 7733,info_usuario
porfavor muestrame los accesos del usuario 6617,info_usuario
porfavor muestrame los accesos del usuario 6695,info_usuario
porfavor mostrar los accesos del usuario 8634,info_usuario
porfavor mostrar los accesos del usuario 1436,info_usuario
porfavor mostrar los accesos del usuario 6275,info_usuario
porfavor mostrar los accesos del usuario 3850,info_usuario
porfavor mostrar los accesos del usuario 6807,info_usuario
porfavor mostrar los accesos del usuario 5486,info_usuario
porfavor mostrar los accesos del usuario 9592,info_usuario
porfavor mostrar los accesos del usuario 3066,info_usuario
porfavor mostrar los accesos del usuario 4539,info_usuario
porfavor mostrar los accesos del usuario 7599,info_usuario
porfavor mostrar los accesos del usuario 6187,info_usuario
porfavor mostrar los accesos del usuario 4484,info_usuario
porfavor mostrar los accesos del usuario 6428,info_usuario
porfavor mostrar los accesos del usuario 8822,info_usuario
porfavor mostrar los accesos del usuario 4070,info_usuario
porfavor mostrar los accesos del usuario 7344,info_usuario
porfavor mostrar los accesos del usuario 1971,info_usuario
porfavor mostrar los accesos del usuario 3248,info_usuario
porfavor mostrar los accesos del usuario 7831,info_usuario
porfavor mostrar los accesos del usuario 5296,info_usuario
porfavor mostrar los accesos del usuario 8121,info_usuario
porfavor mostrar los accesos del usuario 4534,info_usuario
porfavor mostrar los accesos del usuario 2456,info_usuario
porfavor mostrar los accesos del usuario 7839,info_usuario
porfavor mostrar los accesos del usuario 9173,info_usuario
porfavor mostrar los accesos del usuario 2571,info_usuario
porfavor mostrar los accesos del usuario 6124,info_usuario
porfavor mostrar los accesos del usuario 1309,info_usuario
porfavor mostrar los accesos del usuario 9134,info_usuario
porfavor mostrar los accesos del usuario 7779,info_usuario
porfavor mostrar los accesos del usuario 4777,info_usuario
porfavor mostrar los accesos del usuario 6681,info_usuario
porfavor mostrar los accesos del usuario 7521,info_usuario
porfavor mostrar los accesos del usuario 9637,info_usuario
porfavor mostrar los accesos del usuario 3619,info_usuario
porfavor mostrar los accesos del usuario 3197,info_usuario
porfavor mostrar los accesos del usuario 2821,info_usuario
porfavor mostrar los accesos del usuario 9232,info_usuario
porfavor mostrar los accesos del usuario 3033,info_usuario
porfavor mostrar los accesos del usuario 4510,info_usuario
porfavor mostrar los accesos del usuario 8151,info_usuario
porfavor mostrar los accesos del usuario 2735,info_usuario
porfavor mostrar los accesos del usuario 3159,info_usuario
porfavor mostrar los accesos del usuario 2660,info_usuario
porfavor mostrar los accesos del usuario 7364,info_usuario
porfavor mostrar los accesos del usuario 4829,info_usuario
porfavor mostrar los accesos del usuario 8863,info_usuario
porfavor mostrar los accesos del usuario 2366,info_usuario
porfavor mostrar los accesos del usuario 9156,info_usuario
porfavor mostrar los accesos del usuario 3798,info_usuario
datos del usuario 8270,info_usuario
datos del usuario 7680,info_usuario
datos del usuario 7195,info_usuario
datos del usuario 4943,info_usuario
datos del usuario 7817,info_usuario
datos del usuario 8458,info_usuario
datos del usuario 6725,info_usuario
datos del usuario 1230,info_usuario
datos del usuario 4686,info_usuario
datos del usuario 1995,info_usuario
datos del usuario 3312,info_usuario
datos del usuario 3506,info_usuario
datos del usuario 3927,info_usuario
datos del usuario 6688,info_usuario
datos del usuario 8291,info_usuario
datos del usuario 8341,info_usuario
datos del usuario 8234,info_usuario
datos del usuario 7518,info_usuario
datos del usuario 7572,info_usuario
datos del usuario 8721,info_usuario
datos del usuario 6158,info_usuario
datos del usuario 5448,info_usuario
datos del usuario 6377,info_usuario
datos del usuario 5454,info_usuario
datos del usuario 6609,info_usuario
datos del usuario 6881,info_usuario
datos del usuario 4607,info_usuario
datos del usuario 7144,info_usuario
datos del usuario 4276,info_usuario
datos del usuario 2544,info_usuario
datos del usuario 9181,info_usuario
datos del usuario 1708,info_usuario
datos del usuario 1863,info_usuario
datos del usuario 3954,info_usuario
datos del usuario 9883,info_usuario
datos del usuario 2214,info_usuario
datos del usuario 8525,info_usuario
datos del usuario 1305,info_usuario
datos del usuario 4371,info_usuario
datos del usuario 7473,info_usuario
datos del usuario 3367,info_usuario
datos del usuario 1952,info_usuario
datos del usuario 5475,info_usuario
datos del usuario 8322,info_usuario
datos del usuario 5106,info_usuario
datos del usuario 7921,info_usuario
datos del usuario 7679,info_usuario
datos del usuario 8105,info_usuario
datos del usuario 6429,info_usuario
datos del usuario 9289,info_usuario
información del usuario 1058,info_usuario
información del usuario 6994,info_usuario
información del usuario 6574,info_usuario
información del usuario 3776,info_usuario
información del usuario 6934,info_usuario
información del usuario 3107,info_usuario
información del usuario 7245,info_usuario
información del usuario 3780,info_usuario
información del usuario 8497,info_usuario
información del usuario 8922,info_usuario
información del usuario 9500,info_usuario
información del usuario 7779,info_usuario
información del usuario 6872,info_usuario
información del usuario 3475,info_usuario
información del usuario 9494,info_usuario
información del usuario 7427,info_usuario
información del usuario 1256,info_usuario
información del usuario 6955,info_usuario
información del usuario 1034,info_usuario
información del usuario 3404,info_usuario
información del usuario 3918,info_usuario
información del usuario 2955,info_usuario
información del usuario 4395,info_usuario
información del usuario 3569,info_usuario
información del usuario 4561,info_usuario
información del usuario 9868,info_usuario
información del usuario 4353,info_usuario
información del usuario 3529,info_usuario
información del usuario 2619,info_usuario
información del usuario 1286,info_usuario
información del usuario 9402,info_usuario
información del usuario 5660,info_usuario
información del usuario 6074,info_usuario
información del usuario 3935,info_usuario
información del usuario 5272,info_usuario
información del usuario 8470,info_usuario
información del usuario 9772,info_usuario
información del usuario 4850,info_usuario
información del usuario 1675,info_usuario
información del usuario 1990,info_usuario
información del usuario 5138,info_usuario
información del usuario 2596,info_usuario
información del usuario 4662,info_usuario
información del usuario 9386,info_usuario
información del usuario 9341,info_usuario
información del usuario 9431,info_usuario
información del usuario 8455,info_usuario
información del usuario 1396,info_usuario
información del usuario 7171,info_usuario
información del usuario 5642,info_usuario
Necesito información del emeplado 6534 ,info_usuario
Necesito información del emeplado 4313 ,info_usuario
Necesito información del emeplado 3386 ,info_usuario
Necesito información del emeplado 6192 ,info_usuario
Necesito información del emeplado 3325 ,info_usuario
Necesito información del emeplado 2477 ,info_usuario
Necesito información del emeplado 6862 ,info_usuario
Necesito información del emeplado 9255 ,info_usuario
Necesito información del emeplado 9641 ,info_usuario
Necesito información del emeplado 2297 ,info_usuario
Necesito información del emeplado 7695 ,info_usuario
Necesito información del emeplado 2731 ,info_usuario
Necesito información del emeplado 3721 ,info_usuario
Necesito información del emeplado 2317 ,info_usuario
Necesito información del emeplado 2372 ,info_usuario
Necesito información del emeplado 2686 ,info_usuario
Necesito información del emeplado 6039 ,info_usuario
Necesito información del emeplado 3801 ,info_usuario
Necesito información del emeplado 7669 ,info_usuario
Necesito información del emeplado 5020 ,info_usuario
Necesito información del emeplado 7345 ,info_usuario
Necesito información del emeplado 6443 ,info_usuario
Necesito información del emeplado 5704 ,info_usuario
Necesito información del emeplado 7683 ,info_usuario
Necesito información del emeplado 1522 ,info_usuario
Necesito información del emeplado 2410 ,info_usuario
Necesito información del emeplado 2842 ,info_usuario
Necesito información del emeplado 1500 ,info_usuario
Necesito información del emeplado 6939 ,info_usuario
Necesito información del emeplado 7080 ,info_usuario
Necesito información del emeplado 2292 ,info_usuario
Necesito información del emeplado 7124 ,info_usuario
Necesito información del emeplado 3291 ,info_usuario
Necesito información del emeplado 1564 ,info_usuario
Necesito información del emeplado 1446 ,info_usuario
Necesito información del emeplado 8613 ,info_usuario
Necesito información del emeplado 2828 ,info_usuario
Necesito información del emeplado 5129 ,info_usuario
Necesito información del emeplado 1614 ,info_usuario
Necesito información del emeplado 9665 ,info_usuario
Necesito información del emeplado 3880 ,info_usuario
Necesito información del emeplado 2362 ,info_usuario
Necesito información del emeplado 7858 ,info_usuario
Necesito información del emeplado 6816 ,info_usuario
Necesito información del emeplado 5992 ,info_usuario
Necesito información del emeplado 3052 ,info_usuario
Necesito información del emeplado 2878 ,info_usuario
Necesito información del emeplado 5873 ,info_usuario
Necesito información del emeplado 3625 ,info_usuario
Necesito información del emeplado 8445 ,info_usuario
Dame los datos del emeplado 5855 ,info_usuario
Dame los datos del emeplado 4768 ,info_usuario
Dame los datos del emeplado 8124 ,info_usuario
Dame los datos del emeplado 3264 ,info_usuario
Dame los datos del emeplado 8440 ,info_usuario
Dame los datos del emeplado 7352 ,info_usuario
Dame los datos del emeplado 5146 ,info_usuario
Dame los datos del emeplado 3655 ,info_usuario
Dame los datos del emeplado 5862 ,info_usuario
Dame los datos del emeplado 6098 ,info_usuario
Dame los datos del emeplado 3510 ,info_usuario
Dame los datos del emeplado 4999 ,info_usuario
Dame los datos del emeplado 8826 ,info_usuario
Dame los datos del emeplado 1704 ,info_usuario
Dame los datos del emeplado 4599 ,info_usuario
Dame los datos del emeplado 8142 ,info_usuario
Dame los datos del emeplado 8670 ,info_usuario
Dame los datos del emeplado 6341 ,info_usuario
Dame los datos del emeplado 7659 ,info_usuario
Dame los datos del emeplado 9687 ,info_usuario
Dame los datos del emeplado 2293 ,info_usuario
Dame los datos del emeplado 4887 ,info_usuario
Dame los datos del emeplado 6050 ,info_usuario
Dame los datos del emeplado 6201 ,info_usuario
Dame los datos del emeplado 2868 ,info_usuario
Dame los datos del emeplado 1722 ,info_usuario
Dame los datos del emeplado 3699 ,info_usuario
Dame los datos del emeplado 6978 ,info_usuario
Dame los datos del emeplado 9923 ,info_usuario
Dame los datos del emeplado 1441 ,info_usuario
Dame los datos del emeplado 9402 ,info_usuario
Dame los datos del emeplado 2431 ,info_usuario
Dame los datos del emeplado 5124 ,info_usuario
Dame los datos del emeplado 5398 ,info_usuario
Dame los datos del emeplado 6926 ,info_usuario
Dame los datos del emeplado 3115 ,info_usuario
Dame los datos del emeplado 9355 ,info_usuario
Dame los datos del emeplado 7101 ,info_usuario
Dame los datos del emeplado 4830 ,info_usuario
Dame los datos del emeplado 5240 ,info_usuario
Dame los datos del emeplado 4764 ,info_usuario
Dame los datos del emeplado 8413 ,info_usuario
Dame los datos del emeplado 7992 ,info_usuario
Dame los datos del emeplado 5858 ,info_usuario
Dame los datos del emeplado 2437 ,info_usuario
Dame los datos del emeplado 2463 ,info_usuario
Dame los datos del emeplado 7832 ,info_usuario
Dame los datos del emeplado 8725 ,info_usuario
Dame los datos del emeplado 9494 ,info_usuario
Dame los datos del emeplado 5816 ,info_usuario
Información del emeplado 6811 ,info_usuario
Información del emeplado 7105 ,info_usuario
Información del emeplado 7350 ,info_usuario
Información del emeplado 2646 ,info_usuario
Información del emeplado 3930 ,info_usuario
Información del emeplado 9952 ,info_usuario
Información del emeplado 3514 ,info_usuario
Información del emeplado 5546 ,info_usuario
Información del emeplado 2593 ,info_usuario
Información del emeplado 2840 ,info_usuario
Información del emeplado 3778 ,info_usuario
Información del emeplado 8839 ,info_usuario
Información del emeplado 3746 ,info_usuario
Información del emeplado 2182 ,info_usuario
Información del emeplado 1017 ,info_usuario
Información del emeplado 8242 ,info_usuario
Información del emeplado 2741 ,info_usuario
Información del emeplado 2062 ,info_usuario
Información del emeplado 8982 ,info_usuario
Información del emeplado 9308 ,info_usuario
Información del emeplado 6255 ,info_usuario
Información del emeplado 9915 ,info_usuario
Información del emeplado 6031 ,info_usuario
Información del emeplado 5836 ,info_usuario
Información del emeplado 6995 ,info_usuario
Información del emeplado 3562 ,info_usuario
Información del emeplado 1102 ,info_usuario
Información del emeplado 6193 ,info_usuario
Información del emeplado 4621 ,info_usuario
Información del emeplado 4734 ,info_usuario
Información del emeplado 6122 ,info_usuario
Información del emeplado 4013 ,info_usuario
Información del emeplado 8336 ,info_usuario
Información del emeplado 1685 ,info_usuario
Información del emeplado 4811 ,info_usuario
Información del emeplado 8626 ,info_usuario
Información del emeplado 2999 ,info_usuario
Información del emeplado 8114 ,info_usuario
Información del emeplado 2288 ,info_usuario
Información del emeplado 9527 ,info_usuario
Información del emeplado 6199 ,info_usuario
Información del emeplado 3510 ,info_usuario
Información del emeplado 9132 ,info_usuario
Información del emeplado 9070 ,info_usuario
Información del emeplado 1280 ,info_usuario
Información del emeplado 6280 ,info_usuario
Información del emeplado 7882 ,info_usuario
Información del emeplado 5403 ,info_usuario
Información del emeplado 9758 ,info_usuario
Información del emeplado 5630 ,info_usuario
Datos del emeplado 8305 ,info_usuario
Datos del emeplado 4387 ,info_usuario
Datos del emeplado 8665 ,info_usuario
Datos del emeplado 3605 ,info_usuario
Datos del emeplado 7013 ,info_usuario
Datos del emeplado 2297 ,info_usuario
Datos del emeplado 3503 ,info_usuario
Datos del emeplado 4725 ,info_usuario
Datos del emeplado 8711 ,info_usuario
Datos del emeplado 3279 ,info_usuario
Datos del emeplado 1382 ,info_usuario
Datos del emeplado 5372 ,info_usuario
Datos del emeplado 5723 ,info_usuario
Datos del emeplado 7666 ,info_usuario
Datos del emeplado 8085 ,info_usuario
Datos del emeplado 9371 ,info_usuario
Datos del emeplado 9289 ,info_usuario
Datos del emeplado 6889 ,info_usuario
Datos del emeplado 2741 ,info_usuario
Datos del emeplado 9385 ,info_usuario
Datos del emeplado 7077 ,info_usuario
Datos del emeplado 5613 ,info_usuario
Datos del emeplado 7996 ,info_usuario
Datos del emeplado 8511 ,info_usuario
Datos del emeplado 8668 ,info_usuario
Datos del emeplado 8528 ,info_usuario
Datos del emeplado 5054 ,info_usuario
Datos del emeplado 5058 ,info_usuario
Datos del emeplado 4045 ,info_usuario
Datos del emeplado 9083 ,info_usuario
Datos del emeplado 6478 ,info_usuario
Datos del emeplado 6585 ,info_usuario
Datos del emeplado 2090 ,info_usuario
Datos del emeplado 6449 ,info_usuario
Datos del emeplado 6856 ,info_usuario
Datos del emeplado 9604 ,info_usuario
Datos del emeplado 7430 ,info_usuario
Datos del emeplado 1504 ,info_usuario
Datos del emeplado 2519 ,info_usuario
Datos del emeplado 4470 ,info_usuario
Datos del emeplado 4318 ,info_usuario
Datos del emeplado 5682 ,info_usuario
Datos del emeplado 8667 ,info_usuario
Datos del emeplado 9351 ,info_usuario
Datos del emeplado 7032 ,info_usuario
Datos del emeplado 1947 ,info_usuario
Datos del emeplado 8520 ,info_usuario
Datos del emeplado 7120 ,info_usuario
Datos del emeplado 8912 ,info_usuario
Datos del emeplado 8704 ,info_usuario
Necesito información del empleado 2090 ,info_usuario
Necesito información del empleado 4289 ,info_usuario
Necesito información del empleado 5078 ,info_usuario
Necesito información del empleado 2151 ,info_usuario
Necesito información del empleado 6957 ,info_usuario
Necesito información del empleado 2266 ,info_usuario
Necesito información del empleado 8916 ,info_usuario
Necesito información del empleado 3804 ,info_usuario
Necesito información del empleado 1551 ,info_usuario
Necesito información del empleado 5819 ,info_usuario
Necesito información del empleado 6262 ,info_usuario
Necesito información del empleado 8172 ,info_usuario
Necesito información del empleado 5193 ,info_usuario
Necesito información del empleado 5860 ,info_usuario
Necesito información del empleado 1137 ,info_usuario
Necesito información del empleado 6550 ,info_usuario
Necesito información del empleado 1499 ,info_usuario
Necesito información del empleado 3289 ,info_usuario
Necesito información del empleado 9410 ,info_usuario
Necesito información del empleado 5169 ,info_usuario
Necesito información del empleado 9403 ,info_usuario
Necesito información del empleado 6583 ,info_usuario
Necesito información del empleado 8860 ,info_usuario
Necesito información del empleado 9906 ,info_usuario
Necesito información del empleado 6537 ,info_usuario
Necesito información del empleado 1071 ,info_usuario
Necesito información del empleado 3387 ,info_usuario
Necesito información del empleado 1164 ,info_usuario
Necesito información del empleado 4145 ,info_usuario
Necesito información del empleado 1548 ,info_usuario
Necesito información del empleado 9701 ,info_usuario
Necesito información del empleado 4674 ,info_usuario
Necesito información del empleado 6471 ,info_usuario
Necesito información del empleado 8184 ,info_usuario
Necesito información del empleado 7528 ,info_usuario
Necesito información del empleado 8939 ,info_usuario
Necesito información del empleado 7932 ,info_usuario
Necesito información del empleado 1357 ,info_usuario
Necesito información del empleado 4893 ,info_usuario
Necesito información del empleado 2526 ,info_usuario
Necesito información del empleado 7560 ,info_usuario
Necesito información del empleado 5553 ,info_usuario
Necesito información del empleado 3030 ,info_usuario
Necesito información del empleado 5343 ,info_usuario
Necesito información del empleado 1972 ,info_usuario
Necesito información del empleado 3264 ,info_usuario
Necesito información del empleado 6349 ,info_usuario
Necesito información del empleado 4860 ,info_usuario
Necesito información del empleado 8770 ,info_usuario
Necesito información del empleado 4067 ,info_usuario
Dame los datos del empleado 4422 ,info_usuario
Dame los datos del empleado 3821 ,info_usuario
Dame los datos del empleado 8115 ,info_usuario
Dame los datos del empleado 7358 ,info_usuario
Dame los datos del empleado 7147 ,info_usuario
Dame los datos del empleado 3073 ,info_usuario
Dame los datos del empleado 7926 ,info_usuario
Dame los datos del empleado 8503 ,info_usuario
Dame los datos del empleado 4462 ,info_usuario
Dame los datos del empleado 6945 ,info_usuario
Dame los datos del empleado 8190 ,info_usuario
Dame los datos del empleado 4575 ,info_usuario
Dame los datos del empleado 6663 ,info_usuario
Dame los datos del empleado 4394 ,info_usuario
Dame los datos del empleado 2067 ,info_usuario
Dame los datos del empleado 8972 ,info_usuario
Dame los datos del empleado 3772 ,info_usuario
Dame los datos del empleado 6084 ,info_usuario
Dame los datos del empleado 8886 ,info_usuario
Dame los datos del empleado 1420 ,info_usuario
Dame los datos del empleado 5508 ,info_usuario
Dame los datos del empleado 7116 ,info_usuario
Dame los datos del empleado 6306 ,info_usuario
Dame los datos del empleado 9169 ,info_usuario
Dame los datos del empleado 8728 ,info_usuario
Dame los datos del empleado 1520 ,info_usuario
Dame los datos del empleado 7611 ,info_usuario
Dame los datos del empleado 4059 ,info_usuario
Dame los datos del empleado 4248 ,info_usuario
Dame los datos del empleado 8686 ,info_usuario
Dame los datos del empleado 4984 ,info_usuario
Dame los datos del empleado 4171 ,info_usuario
Dame los datos del empleado 7030 ,info_usuario
Dame los datos del empleado 1204 ,info_usuario
Dame los datos del empleado 6302 ,info_usuario
Dame los datos del empleado 2505 ,info_usuario
Dame los datos del empleado 5979 ,info_usuario
Dame los datos del empleado 7771 ,info_usuario
Dame los datos del empleado 7613 ,info_usuario
Dame los datos del empleado 7440 ,info_usuario
Dame los datos del empleado 5509 ,info_usuario
Dame los datos del empleado 8892 ,info_usuario
Dame los datos del empleado 8514 ,info_usuario
Dame los datos del empleado 5552 ,info_usuario
Dame los datos del empleado 7790 ,info_usuario
Dame los datos del empleado 2564 ,info_usuario
Dame los datos del empleado 6424 ,info_usuario
Dame los datos del empleado 4546 ,info_usuario
Dame los datos del empleado 7009 ,info_usuario
Dame los datos del empleado 6376 ,info_usuario
Información del empleado 5150 ,info_usuario
Información del empleado 5984 ,info_usuario
Información del empleado 6577 ,info_usuario
Información del empleado 1024 ,info_usuario
Información del empleado 9030 ,info_usuario
Información del empleado 6074 ,info_usuario
Información del empleado 3256 ,info_usuario
Información del empleado 2584 ,info_usuario
Información del empleado 6864 ,info_usuario
Información del empleado 7420 ,info_usuario
Información del empleado 7865 ,info_usuario
Información del empleado 8491 ,info_usuario
Información del empleado 9907 ,info_usuario
Información del empleado 1616 ,info_usuario
Información del empleado 8312 ,info_usuario
Información del empleado 1308 ,info_usuario
Información del empleado 4340 ,info_usuario
Información del empleado 4362 ,info_usuario
Información del empleado 3768 ,info_usuario
Información del empleado 8636 ,info_usuario
Información del empleado 7806 ,info_usuario
Información del empleado 1436 ,info_usuario
Información del empleado 1282 ,info_usuario
Información del empleado 2878 ,info_usuario
Información del empleado 7263 ,info_usuario
Información del empleado 1228 ,info_usuario
Información del empleado 2634 ,info_usuario
Información del empleado 1288 ,info_usuario
Información del empleado 2743 ,info_usuario
Información del empleado 8231 ,info_usuario
Información del empleado 3505 ,info_usuario
Información del empleado 2124 ,info_usuario
Información del empleado 9294 ,info_usuario
Información del empleado 2986 ,info_usuario
Información del empleado 7926 ,info_usuario
Información del empleado 3163 ,info_usuario
Información del empleado 8150 ,info_usuario
Información del empleado 4884 ,info_usuario
Información del empleado 4754 ,info_usuario
Información del empleado 9585 ,info_usuario
Información del empleado 6110 ,info_usuario
Información del empleado 7408 ,info_usuario
Información del empleado 6581 ,info_usuario
Información del empleado 1294 ,info_usuario
Información del empleado 7644 ,info_usuario
Información del empleado 3746 ,info_usuario
Información del empleado 3878 ,info_usuario
Información del empleado 7071 ,info_usuario
Información del empleado 1153 ,info_usuario
Información del empleado 3446 ,info_usuario
Datos del empleado 9907 ,info_usuario
Datos del empleado 8610 ,info_usuario
Datos del empleado 1657 ,info_usuario
Datos del empleado 1779 ,info_usuario
Datos del empleado 5153 ,info_usuario
Datos del empleado 5772 ,info_usuario
Datos del empleado 7808 ,info_usuario
Datos del empleado 1514 ,info_usuario
Datos del empleado 8217 ,info_usuario
Datos del empleado 2175 ,info_usuario
Datos del empleado 4643 ,info_usuario
Datos del empleado 6369 ,info_usuario
Datos del empleado 7946 ,info_usuario
Datos del empleado 3321 ,info_usuario
Datos del empleado 7687 ,info_usuario
Datos del empleado 6619 ,info_usuario
Datos del empleado 3843 ,info_usuario
Datos del empleado 3958 ,info_usuario
Datos del empleado 2636 ,info_usuario
Datos del empleado 6080 ,info_usuario
Datos del empleado 2740 ,info_usuario
Datos del empleado 5407 ,info_usuario
Datos del empleado 1112 ,info_usuario
Datos del empleado 7654 ,info_usuario
Datos del empleado 9301 ,info_usuario
Datos del empleado 3800 ,info_usuario
Datos del empleado 4205 ,info_usuario
Datos del empleado 5546 ,info_usuario
Datos del empleado 5701 ,info_usuario
Datos del empleado 1243 ,info_usuario
Datos del empleado 4911 ,info_usuario
Datos del empleado 4782 ,info_usuario
Datos del empleado 3694 ,info_usuario
Datos del empleado 8915 ,info_usuario
Datos del empleado 3456 ,info_usuario
Datos del empleado 9713 ,info_usuario
Datos del empleado 1096 ,info_usuario
Datos del empleado 1370 ,info_usuario
Datos del empleado 3122 ,info_usuario
Datos del empleado 1177 ,info_usuario
Datos del empleado 1346 ,info_usuario
Datos del empleado 8210 ,info_usuario
Datos del empleado 3038 ,info_usuario
Datos del empleado 1027 ,info_usuario
Datos del empleado 9767 ,info_usuario
Datos del empleado 2956 ,info_usuario
Datos del empleado 9605 ,info_usuario
Datos del empleado 8441 ,info_usuario
Datos del empleado 5294 ,info_usuario
Datos del empleado 8883 ,info_usuario
Necesito información del emeplado 5395,info_usuario
Necesito información del emeplado 1308,info_usuario
Necesito información del emeplado 2694,info_usuario
Necesito información del emeplado 6204,info_usuario
Necesito información del emeplado 6477,info_usuario
Necesito información del emeplado 7566,info_usuario
Necesito información del emeplado 8387,info_usuario
Necesito información del emeplado 5152,info_usuario
Necesito información del emeplado 6569,info_usuario
Necesito información del emeplado 8134,info_usuario
Necesito información del emeplado 9338,info_usuario
Necesito información del emeplado 1901,info_usuario
Necesito información del emeplado 3072,info_usuario
Necesito información del emeplado 1048,info_usuario
Necesito información del emeplado 4746,info_usuario
Necesito información del emeplado 9000,info_usuario
Necesito información del emeplado 3940,info_usuario
Necesito información del emeplado 6135,info_usuario
Necesito información del emeplado 1059,info_usuario
Necesito información del emeplado 6820,info_usuario
Necesito información del emeplado 9730,info_usuario
Necesito información del emeplado 2700,info_usuario
Necesito información del emeplado 8952,info_usuario
Necesito información del emeplado 5810,info_usuario
Necesito información del emeplado 2458,info_usuario
Necesito información del emeplado 7003,info_usuario
Necesito información del emeplado 9485,info_usuario
Necesito información del emeplado 9162,info_usuario
Necesito información del emeplado 8329,info_usuario
Necesito información del emeplado 6466,info_usuario
Necesito información del emeplado 6481,info_usuario
Necesito información del emeplado 2425,info_usuario
Necesito información del emeplado 8798,info_usuario
Necesito información del emeplado 2510,info_usuario
Necesito información del emeplado 7071,info_usuario
Necesito información del emeplado 1265,info_usuario
Necesito información del emeplado 8675,info_usuario
Necesito información del emeplado 7997,info_usuario
Necesito información del emeplado 4580,info_usuario
Necesito información del emeplado 9667,info_usuario
Necesito información del emeplado 3199,info_usuario
Necesito información del emeplado 1765,info_usuario
Necesito información del emeplado 3485,info_usuario
Necesito información del emeplado 8580,info_usuario
Necesito información del emeplado 5508,info_usuario
Necesito información del emeplado 7777,info_usuario
Necesito información del emeplado 3638,info_usuario
Necesito información del emeplado 5437,info_usuario
Necesito información del emeplado 2214,info_usuario
Necesito información del emeplado 8607,info_usuario
Dame los datos del emeplado 4831,info_usuario
Dame los datos del emeplado 5410,info_usuario
Dame los datos del emeplado 1900,info_usuario
Dame los datos del emeplado 3506,info_usuario
Dame los datos del emeplado 8283,info_usuario
Dame los datos del emeplado 2227,info_usuario
Dame los datos del emeplado 6610,info_usuario
Dame los datos del emeplado 1065,info_usuario
Dame los datos del emeplado 9553,info_usuario
Dame los datos del emeplado 2154,info_usuario
Dame los datos del emeplado 6659,info_usuario
Dame los datos del emeplado 9978,info_usuario
Dame los datos del emeplado 5036,info_usuario
Dame los datos del emeplado 2031,info_usuario
Dame los datos del emeplado 7841,info_usuario
Dame los datos del emeplado 8169,info_usuario
Dame los datos del emeplado 2874,info_usuario
Dame los datos del emeplado 1867,info_usuario
Dame los datos del emeplado 1757,info_usuario
Dame los datos del emeplado 3883,info_usuario
Dame los datos del emeplado 6191,info_usuario
Dame los datos del emeplado 2553,info_usuario
Dame los datos del emeplado 4033,info_usuario
Dame los datos del emeplado 3519,info_usuario
Dame los datos del emeplado 4657,info_usuario
Dame los datos del emeplado 3095,info_usuario
Dame los datos del emeplado 7793,info_usuario
Dame los datos del emeplado 2379,info_usuario
Dame los datos del emeplado 4991,info_usuario
Dame los datos del emeplado 7621,info_usuario
Dame los datos del emeplado 4417,info_usuario
Dame los datos del emeplado 3351,info_usuario
Dame los datos del emeplado 2678,info_usuario
Dame los datos del emeplado 2202,info_usuario
Dame los datos del emeplado 9028,info_usuario
Dame los datos del emeplado 6185,info_usuario
Dame los datos del emeplado 3406,info_usuario
Dame los datos del emeplado 6392,info_usuario
Dame los datos del emeplado 5118,info_usuario
Dame los datos del emeplado 5157,info_usuario
Dame los datos del emeplado 4844,info_usuario
Dame los datos del emeplado 9485,info_usuario
Dame los datos del emeplado 7274,info_usuario
Dame los datos del emeplado 6561,info_usuario
Dame los datos del emeplado 2060,info_usuario
Dame los datos del emeplado 8325,info_usuario
Dame los datos del emeplado 4045,info_usuario
Dame los datos del emeplado 7337,info_usuario
Dame los datos del emeplado 8386,info_usuario
Dame los datos del emeplado 6475,info_usuario
Información del emeplado 3074,info_usuario
Información del emeplado 3190,info_usuario
Información del emeplado 2497,info_usuario
Información del emeplado 8674,info_usuario
Información del emeplado 1004,info_usuario
Información del emeplado 5291,info_usuario
Información del emeplado 9917,info_usuario
Información del emeplado 6238,info_usuario
Información del emeplado 8514,info_usuario
Información del emeplado 2079,info_usuario
Información del emeplado 4323,info_usuario
Información del emeplado 1009,info_usuario
Información del emeplado 9152,info_usuario
Información del emeplado 9747,info_usuario
Información del emeplado 2773,info_usuario
Información del emeplado 3684,info_usuario
Información del emeplado 7230,info_usuario
Información del emeplado 8463,info_usuario
Información del emeplado 5410,info_usuario
Información del emeplado 6898,info_usuario
Información del emeplado 3400,info_usuario
Información del emeplado 4276,info_usuario
Información del emeplado 9290,info_usuario
Información del emeplado 2655,info_usuario
Información del emeplado 9479,info_usuario
Información del emeplado 8065,info_usuario
Información del emeplado 6030,info_usuario
Información del emeplado 6011,info_usuario
Información del emeplado 8247,info_usuario
Información del emeplado 8674,info_usuario
Información del emeplado 8876,info_usuario
Información del emeplado 7763,info_usuario
Información del emeplado 8488,info_usuario
Información del emeplado 6037,info_usuario
Información del emeplado 2346,info_usuario
Información del emeplado 6165,info_usuario
Información del emeplado 2178,info_usuario
Información del emeplado 9118,info_usuario
Información del emeplado 4245,info_usuario
Información del emeplado 1604,info_usuario
Información del emeplado 6699,info_usuario
Información del emeplado 6414,info_usuario
Información del emeplado 7907,info_usuario
Información del emeplado 9782,info_usuario
Información del emeplado 1555,info_usuario
Información del emeplado 2990,info_usuario
Información del emeplado 5028,info_usuario
Información del emeplado 2724,info_usuario
Información del emeplado 6629,info_usuario
Información del emeplado 1254,info_usuario
Datos del emeplado 3088,info_usuario
Datos del emeplado 4740,info_usuario
Datos del emeplado 1428,info_usuario
Datos del emeplado 1783,info_usuario
Datos del emeplado 4113,info_usuario
Datos del emeplado 9362,info_usuario
Datos del emeplado 9306,info_usuario
Datos del emeplado 4618,info_usuario
Datos del emeplado 3201,info_usuario
Datos del emeplado 6895,info_usuario
Datos del emeplado 2120,info_usuario
Datos del emeplado 6638,info_usuario
Datos del emeplado 8773,info_usuario
Datos del emeplado 9510,info_usuario
Datos del emeplado 1231,info_usuario
Datos del emeplado 7650,info_usuario
Datos del emeplado 8816,info_usuario
Datos del emeplado 4681,info_usuario
Datos del emeplado 1444,info_usuario
Datos del emeplado 3229,info_usuario
Datos del emeplado 1969,info_usuario
Datos del emeplado 5815,info_usuario
Datos del emeplado 6908,info_usuario
Datos del emeplado 3086,info_usuario
Datos del emeplado 3831,info_usuario
Datos del emeplado 8662,info_usuario
Datos del emeplado 9316,info_usuario
Datos del emeplado 4162,info_usuario
Datos del emeplado 2844,info_usuario
Datos del emeplado 1694,info_usuario
Datos del emeplado 9971,info_usuario
Datos del emeplado 4192,info_usuario
Datos del emeplado 2815,info_usuario
Datos del emeplado 6532,info_usuario
Datos del emeplado 3507,info_usuario
Datos del emeplado 1872,info_usuario
Datos del emeplado 3804,info_usuario
Datos del emeplado 7223,info_usuario
Datos del emeplado 9570,info_usuario
Datos del emeplado 9186,info_usuario
Datos del emeplado 7073,info_usuario
Datos del emeplado 2595,info_usuario
Datos del emeplado 3686,info_usuario
Datos del emeplado 2698,info_usuario
Datos del emeplado 7213,info_usuario
Datos del emeplado 3351,info_usuario
Datos del emeplado 9319,info_usuario
Datos del emeplado 5970,info_usuario
Datos del emeplado 6651,info_usuario
Datos del emeplado 2606,info_usuario
Necesito información del empleado 6461,info_usuario
Necesito información del empleado 6744,info_usuario
Necesito información del empleado 7372,info_usuario
Necesito información del empleado 3598,info_usuario
Necesito información del empleado 5186,info_usuario
Necesito información del empleado 5672,info_usuario
Necesito información del empleado 8724,info_usuario
Necesito información del empleado 1991,info_usuario
Necesito información del empleado 3446,info_usuario
Necesito información del empleado 4246,info_usuario
Necesito información del empleado 7262,info_usuario
Necesito información del empleado 7451,info_usuario
Necesito información del empleado 8969,info_usuario
Necesito información del empleado 9175,info_usuario
Necesito información del empleado 4953,info_usuario
Necesito información del empleado 4742,info_usuario
Necesito información del empleado 3411,info_usuario
Necesito información del empleado 1355,info_usuario
Necesito información del empleado 6293,info_usuario
Necesito información del empleado 4822,info_usuario
Necesito información del empleado 3491,info_usuario
Necesito información del empleado 2492,info_usuario
Necesito información del empleado 8551,info_usuario
Necesito información del empleado 4952,info_usuario
Necesito información del empleado 2575,info_usuario
Necesito información del empleado 2795,info_usuario
Necesito información del empleado 2030,info_usuario
Necesito información del empleado 1332,info_usuario
Necesito información del empleado 4985,info_usuario
Necesito información del empleado 3040,info_usuario
Necesito información del empleado 8813,info_usuario
Necesito información del empleado 2665,info_usuario
Necesito información del empleado 4124,info_usuario
Necesito información del empleado 1930,info_usuario
Necesito información del empleado 3109,info_usuario
Necesito información del empleado 7134,info_usuario
Necesito información del empleado 8080,info_usuario
Necesito información del empleado 1251,info_usuario
Necesito información del empleado 9910,info_usuario
Necesito información del empleado 3125,info_usuario
Necesito información del empleado 7018,info_usuario
Necesito información del empleado 4927,info_usuario
Necesito información del empleado 5942,info_usuario
Necesito información del empleado 9523,info_usuario
Necesito información del empleado 4775,info_usuario
Necesito información del empleado 9834,info_usuario
Necesito información del empleado 5184,info_usuario
Necesito información del empleado 7654,info_usuario
Necesito información del empleado 4459,info_usuario
Necesito información del empleado 5481,info_usuario
Dame los datos del empleado 3311,info_usuario
Dame los datos del empleado 1979,info_usuario
Dame los datos del empleado 2664,info_usuario
Dame los datos del empleado 7071,info_usuario
Dame los datos del empleado 7071,info_usuario
Dame los datos del empleado 9996,info_usuario
Dame los datos del empleado 6342,info_usuario
Dame los datos del empleado 1991,info_usuario
Dame los datos del empleado 2072,info_usuario
Dame los datos del empleado 4441,info_usuario
Dame los datos del empleado 1088,info_usuario
Dame los datos del empleado 9443,info_usuario
Dame los datos del empleado 1805,info_usuario
Dame los datos del empleado 4878,info_usuario
Dame los datos del empleado 2719,info_usuario
Dame los datos del empleado 5297,info_usuario
Dame los datos del empleado 4700,info_usuario
Dame los datos del empleado 2463,info_usuario
Dame los datos del empleado 3841,info_usuario
Dame los datos del empleado 8726,info_usuario
Dame los datos del empleado 5111,info_usuario
Dame los datos del empleado 1682,info_usuario
Dame los datos del empleado 5191,info_usuario
Dame los datos del empleado 5345,info_usuario
Dame los datos del empleado 3454,info_usuario
Dame los datos del empleado 8813,info_usuario
Dame los datos del empleado 5906,info_usuario
Dame los datos del empleado 9342,info_usuario
Dame los datos del empleado 1313,info_usuario
Dame los datos del empleado 9298,info_usuario
Dame los datos del empleado 5317,info_usuario
Dame los datos del empleado 5745,info_usuario
Dame los datos del empleado 9617,info_usuario
Dame los datos del empleado 7315,info_usuario
Dame los datos del empleado 9287,info_usuario
Dame los datos del empleado 8982,info_usuario
Dame los datos del empleado 3018,info_usuario
Dame los datos del empleado 9131,info_usuario
Dame los datos del empleado 3743,info_usuario
Dame los datos del empleado 5771,info_usuario
Dame los datos del empleado 1790,info_usuario
Dame los datos del empleado 8172,info_usuario
Dame los datos del empleado 6424,info_usuario
Dame los datos del empleado 8287,info_usuario
Dame los datos del empleado 8810,info_usuario
Dame los datos del empleado 7954,info_usuario
Dame los datos del empleado 4580,info_usuario
Dame los datos del empleado 6745,info_usuario
Dame los datos del empleado 4772,info_usuario
Dame los datos del empleado 6047,info_usuario
Información del empleado 3415,info_usuario
Información del empleado 2113,info_usuario
Información del empleado 1866,info_usuario
Información del empleado 2972,info_usuario
Información del empleado 1257,info_usuario
Información del empleado 3280,info_usuario
Información del empleado 6172,info_usuario
Información del empleado 4706,info_usuario
Información del empleado 6183,info_usuario
Información del empleado 3692,info_usuario
Información del empleado 9713,info_usuario
Información del empleado 8518,info_usuario
Información del empleado 1814,info_usuario
Información del empleado 9726,info_usuario
Información del empleado 2158,info_usuario
Información del empleado 6904,info_usuario
Información del empleado 9812,info_usuario
Información del empleado 6243,info_usuario
Información del empleado 6135,info_usuario
Información del empleado 3620,info_usuario
Información del empleado 5772,info_usuario
Información del empleado 1137,info_usuario
Información del empleado 7208,info_usuario
Información del empleado 6650,info_usuario
Información del empleado 3647,info_usuario
Información del empleado 2869,info_usuario
Información del empleado 8370,info_usuario
Información del empleado 8341,info_usuario
Información del empleado 2210,info_usuario
Información del empleado 2559,info_usuario
Información del empleado 7309,info_usuario
Información del empleado 1068,info_usuario
Información del empleado 4157,info_usuario
Información del empleado 2198,info_usuario
Información del empleado 2178,info_usuario
Información del empleado 8889,info_usuario
Información del empleado 8483,info_usuario
Información del empleado 7486,info_usuario
Información del empleado 2666,info_usuario
Información del empleado 3024,info_usuario
Información del empleado 8971,info_usuario
Información del empleado 9446,info_usuario
Información del empleado 4658,info_usuario
Información del empleado 3113,info_usuario
Información del empleado 9618,info_usuario
Información del empleado 6879,info_usuario
Información del empleado 3984,info_usuario
Información del empleado 5922,info_usuario
Información del empleado 9516,info_usuario
Información del empleado 3726,info_usuario
Datos del empleado 9789,info_usuario
Datos del empleado 9641,info_usuario
Datos del empleado 7601,info_usuario
Datos del empleado 7464,info_usuario
Datos del empleado 5343,info_usuario
Datos del empleado 7145,info_usuario
Datos del empleado 6968,info_usuario
Datos del empleado 8780,info_usuario
Datos del empleado 5594,info_usuario
Datos del empleado 4715,info_usuario
Datos del empleado 8805,info_usuario
Datos del empleado 5018,info_usuario
Datos del empleado 1319,info_usuario
Datos del empleado 2294,info_usuario
Datos del empleado 8289,info_usuario
Datos del empleado 9299,info_usuario
Datos del empleado 9192,info_usuario
Datos del empleado 1893,info_usuario
Datos del empleado 1033,info_usuario
Datos del empleado 2838,info_usuario
Datos del empleado 3986,info_usuario
Datos del empleado 8306,info_usuario
Datos del empleado 8233,info_usuario
Datos del empleado 5516,info_usuario
Datos del empleado 1896,info_usuario
Datos del empleado 8621,info_usuario
Datos del empleado 7285,info_usuario
Datos del empleado 8134,info_usuario
Datos del empleado 8235,info_usuario
Datos del empleado 7700,info_usuario
Datos del empleado 5929,info_usuario
Datos del empleado 6804,info_usuario
Datos del empleado 9017,info_usuario
Datos del empleado 2046,info_usuario
Datos del empleado 4372,info_usuario
Datos del empleado 2054,info_usuario
Datos del empleado 4154,info_usuario
Datos del empleado 1605,info_usuario
Datos del empleado 3148,info_usuario
Datos del empleado 3766,info_usuario
Datos del empleado 3988,info_usuario
Datos del empleado 1162,info_usuario
Datos del empleado 4161,info_usuario
Datos del empleado 7643,info_usuario
Datos del empleado 8204,info_usuario
Datos del empleado 6306,info_usuario
Datos del empleado 9906,info_usuario
Datos del empleado 4290,info_usuario
Datos del empleado 9825,info_usuario
Datos del empleado 3140,info_usuario
Lista los accesos del emeplado 3584,info_usuario
Lista los accesos del emeplado 8188,info_usuario
Lista los accesos del emeplado 1413,info_usuario
Lista los accesos del emeplado 3693,info_usuario
Lista los accesos del emeplado 7062,info_usuario
Lista los accesos del emeplado 5726,info_usuario
Lista los accesos del emeplado 9539,info_usuario
Lista los accesos del emeplado 4252,info_usuario
Lista los accesos del emeplado 9000,info_usuario
Lista los accesos del emeplado 8159,info_usuario
Lista los accesos del emeplado 9418,info_usuario
Lista los accesos del emeplado 2205,info_usuario
Lista los accesos del emeplado 1677,info_usuario
Lista los accesos del emeplado 1047,info_usuario
Lista los accesos del emeplado 5938,info_usuario
Lista los accesos del emeplado 5703,info_usuario
Lista los accesos del emeplado 6333,info_usuario
Lista los accesos del emeplado 3474,info_usuario
Lista los accesos del emeplado 7403,info_usuario
Lista los accesos del emeplado 7016,info_usuario
Lista los accesos del emeplado 2160,info_usuario
Lista los accesos del emeplado 6584,info_usuario
Lista los accesos del emeplado 8192,info_usuario
Lista los accesos del emeplado 4610,info_usuario
Lista los accesos del emeplado 8402,info_usuario
Lista los accesos del emeplado 6745,info_usuario
Lista los accesos del emeplado 3597,info_usuario
Lista los accesos del emeplado 6634,info_usuario
Lista los accesos del emeplado 1252,info_usuario
Lista los accesos del emeplado 3397,info_usuario
Lista los accesos del emeplado 1450,info_usuario
Lista los accesos del emeplado 6956,info_usuario
Lista los accesos del emeplado 6464,info_usuario
Lista los accesos del emeplado 1887,info_usuario
Lista los accesos del emeplado 2696,info_usuario
Lista los accesos del emeplado 7110,info_usuario
Lista los accesos del emeplado 5114,info_usuario
Lista los accesos del emeplado 8648,info_usuario
Lista los accesos del emeplado 6040,info_usuario
Lista los accesos del emeplado 1198,info_usuario
Lista los accesos del emeplado 3281,info_usuario
Lista los accesos del emeplado 8267,info_usuario
Lista los accesos del emeplado 4831,info_usuario
Lista los accesos del emeplado 9644,info_usuario
Lista los accesos del emeplado 7056,info_usuario
Lista los accesos del emeplado 5030,info_usuario
Lista los accesos del emeplado 9348,info_usuario
Lista los accesos del emeplado 3694,info_usuario
Lista los accesos del emeplado 3015,info_usuario
Lista los accesos del emeplado 5473,info_usuario
Listar los accesos del emeplado 8038,info_usuario
Listar los accesos del emeplado 8033,info_usuario
Listar los accesos del emeplado 2132,info_usuario
Listar los accesos del emeplado 9854,info_usuario
Listar los accesos del emeplado 5674,info_usuario
Listar los accesos del emeplado 9771,info_usuario
Listar los accesos del emeplado 2852,info_usuario
Listar los accesos del emeplado 8132,info_usuario
Listar los accesos del emeplado 6990,info_usuario
Listar los accesos del emeplado 5467,info_usuario
Listar los accesos del emeplado 6947,info_usuario
Listar los accesos del emeplado 3751,info_usuario
Listar los accesos del emeplado 9339,info_usuario
Listar los accesos del emeplado 6725,info_usuario
Listar los accesos del emeplado 8158,info_usuario
Listar los accesos del emeplado 7837,info_usuario
Listar los accesos del emeplado 7696,info_usuario
Listar los accesos del emeplado 2515,info_usuario
Listar los accesos del emeplado 2199,info_usuario
Listar los accesos del emeplado 2220,info_usuario
Listar los accesos del emeplado 6134,info_usuario
Listar los accesos del emeplado 4480,info_usuario
Listar los accesos del emeplado 9078,info_usuario
Listar los accesos del emeplado 3851,info_usuario
Listar los accesos del emeplado 4692,info_usuario
Listar los accesos del emeplado 5746,info_usuario
Listar los accesos del emeplado 4519,info_usuario
Listar los accesos del emeplado 5014,info_usuario
Listar los accesos del emeplado 3679,info_usuario
Listar los accesos del emeplado 5472,info_usuario
Listar los accesos del emeplado 7889,info_usuario
Listar los accesos del emeplado 7149,info_usuario
Listar los accesos del emeplado 5414,info_usuario
Listar los accesos del emeplado 6137,info_usuario
Listar los accesos del emeplado 3516,info_usuario
Listar los accesos del emeplado 1783,info_usuario
Listar los accesos del emeplado 7992,info_usuario
Listar los accesos del emeplado 5434,info_usuario
Listar los accesos del emeplado 4173,info_usuario
Listar los accesos del emeplado 4071,info_usuario
Listar los accesos del emeplado 2460,info_usuario
Listar los accesos del emeplado 8796,info_usuario
Listar los accesos del emeplado 3848,info_usuario
Listar los accesos del emeplado 5139,info_usuario
Listar los accesos del emeplado 1493,info_usuario
Listar los accesos del emeplado 8139,info_usuario
Listar los accesos del emeplado 3588,info_usuario
Listar los accesos del emeplado 1568,info_usuario
Listar los accesos del emeplado 7458,info_usuario
Listar los accesos del emeplado 8336,info_usuario
que accesos tiene el emeplado 1316,info_usuario
que accesos tiene el emeplado 6373,info_usuario
que accesos tiene el emeplado 3676,info_usuario
que accesos tiene el emeplado 3824,info_usuario
que accesos tiene el emeplado 3697,info_usuario
que accesos tiene el emeplado 1566,info_usuario
que accesos tiene el emeplado 9345,info_usuario
que accesos tiene el emeplado 1249,info_usuario
que accesos tiene el emeplado 3105,info_usuario
que accesos tiene el emeplado 7620,info_usuario
que accesos tiene el emeplado 6288,info_usuario
que accesos tiene el emeplado 8161,info_usuario
que accesos tiene el emeplado 9031,info_usuario
que accesos tiene el emeplado 8001,info_usuario
que accesos tiene el emeplado 1246,info_usuario
que accesos tiene el emeplado 5944,info_usuario
que accesos tiene el emeplado 8537,info_usuario
que accesos tiene el emeplado 2188,info_usuario
que accesos tiene el emeplado 6920,info_usuario
que accesos tiene el emeplado 7335,info_usuario
que accesos tiene el emeplado 5186,info_usuario
que accesos tiene el emeplado 6680,info_usuario
que accesos tiene el emeplado 2435,info_usuario
que accesos tiene el emeplado 1319,info_usuario
que accesos tiene el emeplado 9899,info_usuario
que accesos tiene el emeplado 6597,info_usuario
que accesos tiene el emeplado 6066,info_usuario
que accesos tiene el emeplado 1882,info_usuario
que accesos tiene el emeplado 4682,info_usuario
que accesos tiene el emeplado 9835,info_usuario
que accesos tiene el emeplado 1921,info_usuario
que accesos tiene el emeplado 9053,info_usuario
que accesos tiene el emeplado 4887,info_usuario
que accesos tiene el emeplado 9384,info_usuario
que accesos tiene el emeplado 5482,info_usuario
que accesos tiene el emeplado 3856,info_usuario
que accesos tiene el emeplado 5213,info_usuario
que accesos tiene el emeplado 6224,info_usuario
que accesos tiene el emeplado 9694,info_usuario
que accesos tiene el emeplado 4654,info_usuario
que accesos tiene el emeplado 6713,info_usuario
que accesos tiene el emeplado 4501,info_usuario
que accesos tiene el emeplado 9282,info_usuario
que accesos tiene el emeplado 1028,info_usuario
que accesos tiene el emeplado 4926,info_usuario
que accesos tiene el emeplado 4315,info_usuario
que accesos tiene el emeplado 4153,info_usuario
que accesos tiene el emeplado 7530,info_usuario
que accesos tiene el emeplado 7058,info_usuario
que accesos tiene el emeplado 4659,info_usuario
cuales son los accesos del emeplado 1826,info_usuario
cuales son los accesos del emeplado 3734,info_usuario
cuales son los accesos del emeplado 6402,info_usuario
cuales son los accesos del emeplado 2413,info_usuario
cuales son los accesos del emeplado 5021,info_usuario
cuales son los accesos del emeplado 4262,info_usuario
cuales son los accesos del emeplado 2351,info_usuario
cuales son los accesos del emeplado 9967,info_usuario
cuales son los accesos del emeplado 1146,info_usuario
cuales son los accesos del emeplado 1623,info_usuario
cuales son los accesos del emeplado 6467,info_usuario
cuales son los accesos del emeplado 2945,info_usuario
cuales son los accesos del emeplado 3913,info_usuario
cuales son los accesos del emeplado 9736,info_usuario
cuales son los accesos del emeplado 8295,info_usuario
cuales son los accesos del emeplado 4065,info_usuario
cuales son los accesos del emeplado 2372,info_usuario
cuales son los accesos del emeplado 2350,info_usuario
cuales son los accesos del emeplado 2656,info_usuario
cuales son los accesos del emeplado 4716,info_usuario
cuales son los accesos del emeplado 3385,info_usuario
cuales son los accesos del emeplado 9564,info_usuario
cuales son los accesos del emeplado 7984,info_usuario
cuales son los accesos del emeplado 8675,info_usuario
cuales son los accesos del emeplado 3444,info_usuario
cuales son los accesos del emeplado 9980,info_usuario
cuales son los accesos del emeplado 8288,info_usuario
cuales son los accesos del emeplado 4833,info_usuario
cuales son los accesos del emeplado 1040,info_usuario
cuales son los accesos del emeplado 1244,info_usuario
cuales son los accesos del emeplado 6526,info_usuario
cuales son los accesos del emeplado 6304,info_usuario
cuales son los accesos del emeplado 4417,info_usuario
cuales son los accesos del emeplado 2273,info_usuario
cuales son los accesos del emeplado 1273,info_usuario
cuales son los accesos del emeplado 2677,info_usuario
cuales son los accesos del emeplado 2682,info_usuario
cuales son los accesos del emeplado 2450,info_usuario
cuales son los accesos del emeplado 5459,info_usuario
cuales son los accesos del emeplado 3345,info_usuario
cuales son los accesos del emeplado 1322,info_usuario
cuales son los accesos del emeplado 9299,info_usuario
cuales son los accesos del emeplado 6904,info_usuario
cuales son los accesos del emeplado 6098,info_usuario
cuales son los accesos del emeplado 8925,info_usuario
cuales son los accesos del emeplado 6619,info_usuario
cuales son los accesos del emeplado 6526,info_usuario
cuales son los accesos del emeplado 1445,info_usuario
cuales son los accesos del emeplado 3870,info_usuario
cuales son los accesos del emeplado 6309,info_usuario
por favor lista los accesos del emeplado 7681,info_usuario
por favor lista los accesos del emeplado 3133,info_usuario
por favor lista los accesos del emeplado 4049,info_usuario
por favor lista los accesos del emeplado 9644,info_usuario
por favor lista los accesos del emeplado 1155,info_usuario
por favor lista los accesos del emeplado 2167,info_usuario
por favor lista los accesos del emeplado 1219,info_usuario
por favor lista los accesos del emeplado 2314,info_usuario
por favor lista los accesos del emeplado 6625,info_usuario
por favor lista los accesos del emeplado 2407,info_usuario
por favor lista los accesos del emeplado 6870,info_usuario
por favor lista los accesos del emeplado 2388,info_usuario
por favor lista los accesos del emeplado 8082,info_usuario
por favor lista los accesos del emeplado 2319,info_usuario
por favor lista los accesos del emeplado 4054,info_usuario
por favor lista los accesos del emeplado 7231,info_usuario
por favor lista los accesos del emeplado 8165,info_usuario
por favor lista los accesos del emeplado 3184,info_usuario
por favor lista los accesos del emeplado 6381,info_usuario
por favor lista los accesos del emeplado 3564,info_usuario
por favor lista los accesos del emeplado 5458,info_usuario
por favor lista los accesos del emeplado 4991,info_usuario
por favor lista los accesos del emeplado 2717,info_usuario
por favor lista los accesos del emeplado 4837,info_usuario
por favor lista los accesos del emeplado 4780,info_usuario
por favor lista los accesos del emeplado 4590,info_usuario
por favor lista los accesos del emeplado 4980,info_usuario
por favor lista los accesos del emeplado 3294,info_usuario
por favor lista los accesos del emeplado 5240,info_usuario
por favor lista los accesos del emeplado 6016,info_usuario
por favor lista los accesos del emeplado 5141,info_usuario
por favor lista los accesos del emeplado 7850,info_usuario
por favor lista los accesos del emeplado 6408,info_usuario
por favor lista los accesos del emeplado 1182,info_usuario
por favor lista los accesos del emeplado 1668,info_usuario
por favor lista los accesos del emeplado 6238,info_usuario
por favor lista los accesos del emeplado 6834,info_usuario
por favor lista los accesos del emeplado 9709,info_usuario
por favor lista los accesos del emeplado 9083,info_usuario
por favor lista los accesos del emeplado 9725,info_usuario
por favor lista los accesos del emeplado 7629,info_usuario
por favor lista los accesos del emeplado 5648,info_usuario
por favor lista los accesos del emeplado 3132,info_usuario
por favor lista los accesos del emeplado 5475,info_usuario
por favor lista los accesos del emeplado 7717,info_usuario
por favor lista los accesos del emeplado 2566,info_usuario
por favor lista los accesos del emeplado 5532,info_usuario
por favor lista los accesos del emeplado 7190,info_usuario
por favor lista los accesos del emeplado 4914,info_usuario
por favor lista los accesos del emeplado 9178,info_usuario
por favor listar los accesos del emeplado 9304,info_usuario
por favor listar los accesos del emeplado 7321,info_usuario
por favor listar los accesos del emeplado 7452,info_usuario
por favor listar los accesos del emeplado 5593,info_usuario
por favor listar los accesos del emeplado 5063,info_usuario
por favor listar los accesos del emeplado 4247,info_usuario
por favor listar los accesos del emeplado 6825,info_usuario
por favor listar los accesos del emeplado 7903,info_usuario
por favor listar los accesos del emeplado 5703,info_usuario
por favor listar los accesos del emeplado 2514,info_usuario
por favor listar los accesos del emeplado 5532,info_usuario
por favor listar los accesos del emeplado 1888,info_usuario
por favor listar los accesos del emeplado 8075,info_usuario
por favor listar los accesos del emeplado 3402,info_usuario
por favor listar los accesos del emeplado 5548,info_usuario
por favor listar los accesos del emeplado 5156,info_usuario
por favor listar los accesos del emeplado 5919,info_usuario
por favor listar los accesos del emeplado 4371,info_usuario
por favor listar los accesos del emeplado 5794,info_usuario
por favor listar los accesos del emeplado 6586,info_usuario
por favor listar los accesos del emeplado 7057,info_usuario
por favor listar los accesos del emeplado 6732,info_usuario
por favor listar los accesos del emeplado 2177,info_usuario
por favor listar los accesos del emeplado 8502,info_usuario
por favor listar los accesos del emeplado 4173,info_usuario
por favor listar los accesos del emeplado 4866,info_usuario
por favor listar los accesos del emeplado 2225,info_usuario
por favor listar los accesos del emeplado 2516,info_usuario
por favor listar los accesos del emeplado 7561,info_usuario
por favor listar los accesos del emeplado 5363,info_usuario
por favor listar los accesos del emeplado 6738,info_usuario
por favor listar los accesos del emeplado 5967,info_usuario
por favor listar los accesos del emeplado 7233,info_usuario
por favor listar los accesos del emeplado 2279,info_usuario
por favor listar los accesos del emeplado 2967,info_usuario
por favor listar los accesos del emeplado 4202,info_usuario
por favor listar los accesos del emeplado 4168,info_usuario
por favor listar los accesos del emeplado 2729,info_usuario
por favor listar los accesos del emeplado 9823,info_usuario
por favor listar los accesos del emeplado 3384,info_usuario
por favor listar los accesos del emeplado 4169,info_usuario
por favor listar los accesos del emeplado 1941,info_usuario
por favor listar los accesos del emeplado 1642,info_usuario
por favor listar los accesos del emeplado 3358,info_usuario
por favor listar los accesos del emeplado 5058,info_usuario
por favor listar los accesos del emeplado 3133,info_usuario
por favor listar los accesos del emeplado 6507,info_usuario
por favor listar los accesos del emeplado 7856,info_usuario
por favor listar los accesos del emeplado 9083,info_usuario
por favor listar los accesos del emeplado 6417,info_usuario
muestrame los accesos del emeplado 1083,info_usuario
muestrame los accesos del emeplado 2732,info_usuario
muestrame los accesos del emeplado 6428,info_usuario
muestrame los accesos del emeplado 2496,info_usuario
muestrame los accesos del emeplado 8681,info_usuario
muestrame los accesos del emeplado 6537,info_usuario
muestrame los accesos del emeplado 9619,info_usuario
muestrame los accesos del emeplado 3926,info_usuario
muestrame los accesos del emeplado 9772,info_usuario
muestrame los accesos del emeplado 9161,info_usuario
muestrame los accesos del emeplado 2467,info_usuario
muestrame los accesos del emeplado 9213,info_usuario
muestrame los accesos del emeplado 4589,info_usuario
muestrame los accesos del emeplado 8151,info_usuario
muestrame los accesos del emeplado 7106,info_usuario
muestrame los accesos del emeplado 4251,info_usuario
muestrame los accesos del emeplado 8156,info_usuario
muestrame los accesos del emeplado 6436,info_usuario
muestrame los accesos del emeplado 6776,info_usuario
muestrame los accesos del emeplado 3206,info_usuario
muestrame los accesos del emeplado 4774,info_usuario
muestrame los accesos del emeplado 5079,info_usuario
muestrame los accesos del emeplado 7405,info_usuario
muestrame los accesos del emeplado 8555,info_usuario
muestrame los accesos del emeplado 1262,info_usuario
muestrame los accesos del emeplado 3620,info_usuario
muestrame los accesos del emeplado 8999,info_usuario
muestrame los accesos del emeplado 4407,info_usuario
muestrame los accesos del emeplado 8113,info_usuario
muestrame los accesos del emeplado 4789,info_usuario
muestrame los accesos del emeplado 6642,info_usuario
muestrame los accesos del emeplado 3286,info_usuario
muestrame los accesos del emeplado 9503,info_usuario
muestrame los accesos del emeplado 1579,info_usuario
muestrame los accesos del emeplado 2789,info_usuario
muestrame los accesos del emeplado 7561,info_usuario
muestrame los accesos del emeplado 5276,info_usuario
muestrame los accesos del emeplado 8647,info_usuario
muestrame los accesos del emeplado 4814,info_usuario
muestrame los accesos del emeplado 7632,info_usuario
muestrame los accesos del emeplado 5344,info_usuario
muestrame los accesos del emeplado 5623,info_usuario
muestrame los accesos del emeplado 4781,info_usuario
muestrame los accesos del emeplado 2471,info_usuario
muestrame los accesos del emeplado 7616,info_usuario
muestrame los accesos del emeplado 7719,info_usuario
muestrame los accesos del emeplado 2353,info_usuario
muestrame los accesos del emeplado 1113,info_usuario
muestrame los accesos del emeplado 1960,info_usuario
muestrame los accesos del emeplado 3139,info_usuario
mostrar los accesos del emeplado 2800,info_usuario
mostrar los accesos del emeplado 2322,info_usuario
mostrar los accesos del emeplado 1894,info_usuario
mostrar los accesos del emeplado 3268,info_usuario
mostrar los accesos del emeplado 8657,info_usuario
mostrar los accesos del emeplado 9099,info_usuario
mostrar los accesos del emeplado 7891,info_usuario
mostrar los accesos del emeplado 1781,info_usuario
mostrar los accesos del emeplado 5899,info_usuario
mostrar los accesos del emeplado 4336,info_usuario
mostrar los accesos del emeplado 8701,info_usuario
mostrar los accesos del emeplado 9618,info_usuario
mostrar los accesos del emeplado 1733,info_usuario
mostrar los accesos del emeplado 1928,info_usuario
mostrar los accesos del emeplado 9534,info_usuario
mostrar los accesos del emeplado 9095,info_usuario
mostrar los accesos del emeplado 4256,info_usuario
mostrar los accesos del emeplado 3158,info_usuario
mostrar los accesos del emeplado 6095,info_usuario
mostrar los accesos del emeplado 7571,info_usuario
mostrar los accesos del emeplado 9206,info_usuario
mostrar los accesos del emeplado 9904,info_usuario
mostrar los accesos del emeplado 3201,info_usuario
mostrar los accesos del emeplado 4181,info_usuario
mostrar los accesos del emeplado 7657,info_usuario
mostrar los accesos del emeplado 7210,info_usuario
mostrar los accesos del emeplado 1377,info_usuario
mostrar los accesos del emeplado 6649,info_usuario
mostrar los accesos del emeplado 3009,info_usuario
mostrar los accesos del emeplado 4504,info_usuario
mostrar los accesos del emeplado 3843,info_usuario
mostrar los accesos del emeplado 5614,info_usuario
mostrar los accesos del emeplado 1020,info_usuario
mostrar los accesos del emeplado 9245,info_usuario
mostrar los accesos del emeplado 2001,info_usuario
mostrar los accesos del emeplado 3774,info_usuario
mostrar los accesos del emeplado 8819,info_usuario
mostrar los accesos del emeplado 9411,info_usuario
mostrar los accesos del emeplado 5955,info_usuario
mostrar los accesos del emeplado 1106,info_usuario
mostrar los accesos del emeplado 1934,info_usuario
mostrar los accesos del emeplado 2662,info_usuario
mostrar los accesos del emeplado 1682,info_usuario
mostrar los accesos del emeplado 1856,info_usuario
mostrar los accesos del emeplado 3491,info_usuario
mostrar los accesos del emeplado 6038,info_usuario
mostrar los accesos del emeplado 4409,info_usuario
mostrar los accesos del emeplado 3056,info_usuario
mostrar los accesos del emeplado 7070,info_usuario
mostrar los accesos del emeplado 7292,info_usuario
me podrias mostrar los accesos del emeplado 7577,info_usuario
me podrias mostrar los accesos del emeplado 1400,info_usuario
me podrias mostrar los accesos del emeplado 9283,info_usuario
me podrias mostrar los accesos del emeplado 7077,info_usuario
me podrias mostrar los accesos del emeplado 1816,info_usuario
me podrias mostrar los accesos del emeplado 7695,info_usuario
me podrias mostrar los accesos del emeplado 8180,info_usuario
me podrias mostrar los accesos del emeplado 7211,info_usuario
me podrias mostrar los accesos del emeplado 3334,info_usuario
me podrias mostrar los accesos del emeplado 4531,info_usuario
me podrias mostrar los accesos del emeplado 1998,info_usuario
me podrias mostrar los accesos del emeplado 8318,info_usuario
me podrias mostrar los accesos del emeplado 4127,info_usuario
me podrias mostrar los accesos del emeplado 5574,info_usuario
me podrias mostrar los accesos del emeplado 3115,info_usuario
me podrias mostrar los accesos del emeplado 6735,info_usuario
me podrias mostrar los accesos del emeplado 5804,info_usuario
me podrias mostrar los accesos del emeplado 6253,info_usuario
me podrias mostrar los accesos del emeplado 3038,info_usuario
me podrias mostrar los accesos del emeplado 8734,info_usuario
me podrias mostrar los accesos del emeplado 5727,info_usuario
me podrias mostrar los accesos del emeplado 4252,info_usuario
me podrias mostrar los accesos del emeplado 2561,info_usuario
me podrias mostrar los accesos del emeplado 2016,info_usuario
me podrias mostrar los accesos del emeplado 6292,info_usuario
me podrias mostrar los accesos del emeplado 4290,info_usuario
me podrias mostrar los accesos del emeplado 6074,info_usuario
me podrias mostrar los accesos del emeplado 1958,info_usuario
me podrias mostrar los accesos del emeplado 5173,info_usuario
me podrias mostrar los accesos del emeplado 7676,info_usuario
me podrias mostrar los accesos del emeplado 8896,info_usuario
me podrias mostrar los accesos del emeplado 5114,info_usuario
me podrias mostrar los accesos del emeplado 3176,info_usuario
me podrias mostrar los accesos del emeplado 6912,info_usuario
me podrias mostrar los accesos del emeplado 7107,info_usuario
me podrias mostrar los accesos del emeplado 5892,info_usuario
me podrias mostrar los accesos del emeplado 9671,info_usuario
me podrias mostrar los accesos del emeplado 2974,info_usuario
me podrias mostrar los accesos del emeplado 5108,info_usuario
me podrias mostrar los accesos del emeplado 3821,info_usuario
me podrias mostrar los accesos del emeplado 1578,info_usuario
me podrias mostrar los accesos del emeplado 6012,info_usuario
me podrias mostrar los accesos del emeplado 6528,info_usuario
me podrias mostrar los accesos del emeplado 3436,info_usuario
me podrias mostrar los accesos del emeplado 6305,info_usuario
me podrias mostrar los accesos del emeplado 4117,info_usuario
me podrias mostrar los accesos del emeplado 8208,info_usuario
me podrias mostrar los accesos del emeplado 3510,info_usuario
me podrias mostrar los accesos del emeplado 5005,info_usuario
me podrias mostrar los accesos del emeplado 9234,info_usuario
porfavor muestrame los accesos del emeplado 3314,info_usuario
porfavor muestrame los accesos del emeplado 1239,info_usuario
porfavor muestrame los accesos del emeplado 1310,info_usuario
porfavor muestrame los accesos del emeplado 7457,info_usuario
porfavor muestrame los accesos del emeplado 6448,info_usuario
porfavor muestrame los accesos del emeplado 6562,info_usuario
porfavor muestrame los accesos del emeplado 1345,info_usuario
porfavor muestrame los accesos del emeplado 3846,info_usuario
porfavor muestrame los accesos del emeplado 5673,info_usuario
porfavor muestrame los accesos del emeplado 1230,info_usuario
porfavor muestrame los accesos del emeplado 9841,info_usuario
porfavor muestrame los accesos del emeplado 4276,info_usuario
porfavor muestrame los accesos del emeplado 1358,info_usuario
porfavor muestrame los accesos del emeplado 7780,info_usuario
porfavor muestrame los accesos del emeplado 6960,info_usuario
porfavor muestrame los accesos del emeplado 1844,info_usuario
porfavor muestrame los accesos del emeplado 8801,info_usuario
porfavor muestrame los accesos del emeplado 3027,info_usuario
porfavor muestrame los accesos del emeplado 9091,info_usuario
porfavor muestrame los accesos del emeplado 4174,info_usuario
porfavor muestrame los accesos del emeplado 1471,info_usuario
porfavor muestrame los accesos del emeplado 2566,info_usuario
porfavor muestrame los accesos del emeplado 1386,info_usuario
porfavor muestrame los accesos del emeplado 6379,info_usuario
porfavor muestrame los accesos del emeplado 1078,info_usuario
porfavor muestrame los accesos del emeplado 6108,info_usuario
porfavor muestrame los accesos del emeplado 9114,info_usuario
porfavor muestrame los accesos del emeplado 4982,info_usuario
porfavor muestrame los accesos del emeplado 7864,info_usuario
porfavor muestrame los accesos del emeplado 5374,info_usuario
porfavor muestrame los accesos del emeplado 5950,info_usuario
porfavor muestrame los accesos del emeplado 2798,info_usuario
porfavor muestrame los accesos del emeplado 2028,info_usuario
porfavor muestrame los accesos del emeplado 2154,info_usuario
porfavor muestrame los accesos del emeplado 4138,info_usuario
porfavor muestrame los accesos del emeplado 5745,info_usuario
porfavor muestrame los accesos del emeplado 6676,info_usuario
porfavor muestrame los accesos del emeplado 4544,info_usuario
porfavor muestrame los accesos del emeplado 5496,info_usuario
porfavor muestrame los accesos del emeplado 1430,info_usuario
porfavor muestrame los accesos del emeplado 7211,info_usuario
porfavor muestrame los accesos del emeplado 1096,info_usuario
porfavor muestrame los accesos del emeplado 4906,info_usuario
porfavor muestrame los accesos del emeplado 1840,info_usuario
porfavor muestrame los accesos del emeplado 6344,info_usuario
porfavor muestrame los accesos del emeplado 8195,info_usuario
porfavor muestrame los accesos del emeplado 2342,info_usuario
porfavor muestrame los accesos del emeplado 9838,info_usuario
porfavor muestrame los accesos del emeplado 8943,info_usuario
porfavor muestrame los accesos del emeplado 1118,info_usuario
porfavor mostrar los accesos del emeplado 6925,info_usuario
porfavor mostrar los accesos del emeplado 2158,info_usuario
porfavor mostrar los accesos del emeplado 5138,info_usuario
porfavor mostrar los accesos del emeplado 9644,info_usuario
porfavor mostrar los accesos del emeplado 5622,info_usuario
porfavor mostrar los accesos del emeplado 4336,info_usuario
porfavor mostrar los accesos del emeplado 4184,info_usuario
porfavor mostrar los accesos del emeplado 6859,info_usuario
porfavor mostrar los accesos del emeplado 9194,info_usuario
porfavor mostrar los accesos del emeplado 4673,info_usuario
porfavor mostrar los accesos del emeplado 4166,info_usuario
porfavor mostrar los accesos del emeplado 3733,info_usuario
porfavor mostrar los accesos del emeplado 6638,info_usuario
porfavor mostrar los accesos del emeplado 5990,info_usuario
porfavor mostrar los accesos del emeplado 6895,info_usuario
porfavor mostrar los accesos del emeplado 7274,info_usuario
porfavor mostrar los accesos del emeplado 3047,info_usuario
porfavor mostrar los accesos del emeplado 3697,info_usuario
porfavor mostrar los accesos del emeplado 8140,info_usuario
porfavor mostrar los accesos del emeplado 2647,info_usuario
porfavor mostrar los accesos del emeplado 6897,info_usuario
porfavor mostrar los accesos del emeplado 9618,info_usuario
porfavor mostrar los accesos del emeplado 4741,info_usuario
porfavor mostrar los accesos del emeplado 6794,info_usuario
porfavor mostrar los accesos del emeplado 6494,info_usuario
porfavor mostrar los accesos del emeplado 9524,info_usuario
porfavor mostrar los accesos del emeplado 1825,info_usuario
porfavor mostrar los accesos del emeplado 7177,info_usuario
porfavor mostrar los accesos del emeplado 5284,info_usuario
porfavor mostrar los accesos del emeplado 4704,info_usuario
porfavor mostrar los accesos del emeplado 3311,info_usuario
porfavor mostrar los accesos del emeplado 5437,info_usuario
porfavor mostrar los accesos del emeplado 7493,info_usuario
porfavor mostrar los accesos del emeplado 5005,info_usuario
porfavor mostrar los accesos del emeplado 9877,info_usuario
porfavor mostrar los accesos del emeplado 3091,info_usuario
porfavor mostrar los accesos del emeplado 7619,info_usuario
porfavor mostrar los accesos del emeplado 4806,info_usuario
porfavor mostrar los accesos del emeplado 7849,info_usuario
porfavor mostrar los accesos del emeplado 6867,info_usuario
porfavor mostrar los accesos del emeplado 5894,info_usuario
porfavor mostrar los accesos del emeplado 8830,info_usuario
porfavor mostrar los accesos del emeplado 5786,info_usuario
porfavor mostrar los accesos del emeplado 8212,info_usuario
porfavor mostrar los accesos del emeplado 3588,info_usuario
porfavor mostrar los accesos del emeplado 3988,info_usuario
porfavor mostrar los accesos del emeplado 3345,info_usuario
porfavor mostrar los accesos del emeplado 3084,info_usuario
porfavor mostrar los accesos del emeplado 9056,info_usuario
porfavor mostrar los accesos del emeplado 2100,info_usuario
datos del emeplado 5052,info_usuario
datos del emeplado 1235,info_usuario
datos del emeplado 9039,info_usuario
datos del emeplado 8296,info_usuario
datos del emeplado 5921,info_usuario
datos del emeplado 4265,info_usuario
datos del emeplado 7506,info_usuario
datos del emeplado 7849,info_usuario
datos del emeplado 4246,info_usuario
datos del emeplado 1040,info_usuario
datos del emeplado 7657,info_usuario
datos del emeplado 6159,info_usuario
datos del emeplado 8383,info_usuario
datos del emeplado 6988,info_usuario
datos del emeplado 4115,info_usuario
datos del emeplado 9482,info_usuario
datos del emeplado 7753,info_usuario
datos del emeplado 9888,info_usuario
datos del emeplado 8937,info_usuario
datos del emeplado 9685,info_usuario
datos del emeplado 2033,info_usuario
datos del emeplado 6804,info_usuario
datos del emeplado 8090,info_usuario
datos del emeplado 1387,info_usuario
datos del emeplado 6832,info_usuario
datos del emeplado 7544,info_usuario
datos del emeplado 3329,info_usuario
datos del emeplado 9373,info_usuario
datos del emeplado 5235,info_usuario
datos del emeplado 1973,info_usuario
datos del emeplado 9946,info_usuario
datos del emeplado 6323,info_usuario
datos del emeplado 9239,info_usuario
datos del emeplado 6212,info_usuario
datos del emeplado 8080,info_usuario
datos del emeplado 1897,info_usuario
datos del emeplado 8770,info_usuario
datos del emeplado 9385,info_usuario
datos del emeplado 7918,info_usuario
datos del emeplado 4681,info_usuario
datos del emeplado 5455,info_usuario
datos del emeplado 3843,info_usuario
datos del emeplado 3616,info_usuario
datos del emeplado 1961,info_usuario
datos del emeplado 9102,info_usuario
datos del emeplado 3747,info_usuario
datos del emeplado 2639,info_usuario
datos del emeplado 8520,info_usuario
datos del emeplado 6469,info_usuario
datos del emeplado 8757,info_usuario
información del emeplado 6120,info_usuario
información del emeplado 5199,info_usuario
información del emeplado 3379,info_usuario
información del emeplado 9337,info_usuario
información del emeplado 3353,info_usuario
información del emeplado 8530,info_usuario
información del emeplado 4766,info_usuario
información del emeplado 2952,info_usuario
información del emeplado 8500,info_usuario
información del emeplado 2758,info_usuario
información del emeplado 4638,info_usuario
información del emeplado 9893,info_usuario
información del emeplado 6134,info_usuario
información del emeplado 7070,info_usuario
información del emeplado 9065,info_usuario
información del emeplado 1791,info_usuario
información del emeplado 8015,info_usuario
información del emeplado 1436,info_usuario
información del emeplado 5241,info_usuario
información del emeplado 2218,info_usuario
información del emeplado 9245,info_usuario
información del emeplado 7976,info_usuario
información del emeplado 4838,info_usuario
información del emeplado 3783,info_usuario
información del emeplado 9918,info_usuario
información del emeplado 6679,info_usuario
información del emeplado 5850,info_usuario
información del emeplado 3112,info_usuario
información del emeplado 7231,info_usuario
información del emeplado 7133,info_usuario
información del emeplado 1064,info_usuario
información del emeplado 7115,info_usuario
información del emeplado 3291,info_usuario
información del emeplado 2785,info_usuario
información del emeplado 9826,info_usuario
información del emeplado 4307,info_usuario
información del emeplado 1883,info_usuario
información del emeplado 1910,info_usuario
información del emeplado 8456,info_usuario
información del emeplado 2744,info_usuario
información del emeplado 1430,info_usuario
información del emeplado 6633,info_usuario
información del emeplado 1150,info_usuario
información del emeplado 5235,info_usuario
información del emeplado 1068,info_usuario
información del emeplado 8334,info_usuario
información del emeplado 9067,info_usuario
información del emeplado 8577,info_usuario
información del emeplado 3008,info_usuario
información del emeplado 4722,info_usuario
